DATE,TT BUY,SOURCE URL
2020-01-06 09:00,71.65,https://github.com/sahilgupta/sbi-fx-ratekeeper/blob/4cea84491ec53b80a5171463e51e04f667bcb6e5/pdf_files/2020/1/2020-01-06.pdf
2020-01-07 09:00,71.32,https://github.com/sahilgupta/sbi-fx-ratekeeper/blob/4cea84491ec53b80a5171463e51e04f667bcb6e5/pdf_files/2020/1/2020-01-07.pdf
2020-01-08 09:00,71.6,https://github.com/sahilgupta/sbi-fx-ratekeeper/blob/4cea84491ec53b80a5171463e51e04f667bcb6e5/pdf_files/2020/1/2020-01-08.pdf
2020-01-10 16:25,70.55,https://github.com/sahilgupta/sbi-fx-ratekeeper/blob/4cea84491ec53b80a5171463e51e04f667bcb6e5/pdf_files/2020/1/2020-01-10.pdf
2020-01-13 09:00,70.45,https://github.com/sahilgupta/sbi-fx-ratekeeper/blob/4cea84491ec53b80a5171463e51e04f667bcb6e5/pdf_files/2020/1/2020-01-13.pdf
2020-01-15 09:00,70.6,https://github.com/sahilgupta/sbi-fx-ratekeeper/blob/4cea84491ec53b80a5171463e51e04f667bcb6e5/pdf_files/2020/1/2020-01-15.pdf
2020-01-17 09:00,70.58,https://github.com/sahilgupta/sbi-fx-ratekeeper/blob/4cea84491ec53b80a5171463e51e04f667bcb6e5/pdf_files/2020/1/2020-01-17.pdf
2020-01-20 09:00,70.68,https://github.com/sahilgupta/sbi-fx-ratekeeper/blob/4cea84491ec53b80a5171463e51e04f667bcb6e5/pdf_files/2020/1/2020-01-20.pdf
2020-01-21 09:00,70.77,https://github.com/sahilgupta/sbi-fx-ratekeeper/blob/4cea84491ec53b80a5171463e51e04f667bcb6e5/pdf_files/2020/1/2020-01-21.pdf
2020-01-22 09:00,70.76,https://github.com/sahilgupta/sbi-fx-ratekeeper/blob/4cea84491ec53b80a5171463e51e04f667bcb6e5/pdf_files/2020/1/2020-01-22.pdf
2020-01-23 09:00,70.82,https://github.com/sahilgupta/sbi-fx-ratekeeper/blob/4cea84491ec53b80a5171463e51e04f667bcb6e5/pdf_files/2020/1/2020-01-23.pdf
2020-01-24 09:00,70.92,https://github.com/sahilgupta/sbi-fx-ratekeeper/blob/4cea84491ec53b80a5171463e51e04f667bcb6e5/pdf_files/2020/1/2020-01-24.pdf
2020-01-27 10:00,71.05,https://github.com/sahilgupta/sbi-fx-ratekeeper/blob/4cea84491ec53b80a5171463e51e04f667bcb6e5/pdf_files/2020/1/2020-01-27.pdf
2020-01-28 10:00,70.99,https://github.com/sahilgupta/sbi-fx-ratekeeper/blob/4cea84491ec53b80a5171463e51e04f667bcb6e5/pdf_files/2020/1/2020-01-28.pdf
2020-01-29 10:00,70.83,https://github.com/sahilgupta/sbi-fx-ratekeeper/blob/4cea84491ec53b80a5171463e51e04f667bcb6e5/pdf_files/2020/1/2020-01-29.pdf
2020-01-30 10:00,71,https://github.com/sahilgupta/sbi-fx-ratekeeper/blob/4cea84491ec53b80a5171463e51e04f667bcb6e5/pdf_files/2020/1/2020-01-30.pdf
2020-01-31 10:00,71.06,https://github.com/sahilgupta/sbi-fx-ratekeeper/blob/4cea84491ec53b80a5171463e51e04f667bcb6e5/pdf_files/2020/1/2020-01-31.pdf
2020-02-03 09:00,71.2,https://github.com/sahilgupta/sbi-fx-ratekeeper/blob/4cea84491ec53b80a5171463e51e04f667bcb6e5/pdf_files/2020/2/2020-02-03.pdf
2020-02-04 09:00,70.85,https://github.com/sahilgupta/sbi-fx-ratekeeper/blob/4cea84491ec53b80a5171463e51e04f667bcb6e5/pdf_files/2020/2/2020-02-04.pdf
2020-02-05 09:00,70.82,https://github.com/sahilgupta/sbi-fx-ratekeeper/blob/4cea84491ec53b80a5171463e51e04f667bcb6e5/pdf_files/2020/2/2020-02-05.pdf
2020-02-06 09:00,70.85,https://github.com/sahilgupta/sbi-fx-ratekeeper/blob/4cea84491ec53b80a5171463e51e04f667bcb6e5/pdf_files/2020/2/2020-02-06.pdf
2020-02-07 09:00,70.87,https://github.com/sahilgupta/sbi-fx-ratekeeper/blob/4cea84491ec53b80a5171463e51e04f667bcb6e5/pdf_files/2020/2/2020-02-07.pdf
2020-02-10 09:00,71,https://github.com/sahilgupta/sbi-fx-ratekeeper/blob/4cea84491ec53b80a5171463e51e04f667bcb6e5/pdf_files/2020/2/2020-02-10.pdf
2020-02-11 09:00,70.85,https://github.com/sahilgupta/sbi-fx-ratekeeper/blob/4cea84491ec53b80a5171463e51e04f667bcb6e5/pdf_files/2020/2/2020-02-11.pdf
2020-02-12 09:00,70.82,https://github.com/sahilgupta/sbi-fx-ratekeeper/blob/4cea84491ec53b80a5171463e51e04f667bcb6e5/pdf_files/2020/2/2020-02-12.pdf
2020-02-13 09:00,70.99,https://github.com/sahilgupta/sbi-fx-ratekeeper/blob/4cea84491ec53b80a5171463e51e04f667bcb6e5/pdf_files/2020/2/2020-02-13.pdf
2020-02-14 09:00,70.9,https://github.com/sahilgupta/sbi-fx-ratekeeper/blob/4cea84491ec53b80a5171463e51e04f667bcb6e5/pdf_files/2020/2/2020-02-14.pdf
2020-02-18 09:00,71,https://github.com/sahilgupta/sbi-fx-ratekeeper/blob/4cea84491ec53b80a5171463e51e04f667bcb6e5/pdf_files/2020/2/2020-02-18.pdf
2020-02-20 09:00,71.35,https://github.com/sahilgupta/sbi-fx-ratekeeper/blob/4cea84491ec53b80a5171463e51e04f667bcb6e5/pdf_files/2020/2/2020-02-20.pdf
2020-02-21 09:00,71.3,https://github.com/sahilgupta/sbi-fx-ratekeeper/blob/4cea84491ec53b80a5171463e51e04f667bcb6e5/pdf_files/2020/2/2020-02-21.pdf
2020-02-24 09:00,71.5,https://github.com/sahilgupta/sbi-fx-ratekeeper/blob/4cea84491ec53b80a5171463e51e04f667bcb6e5/pdf_files/2020/2/2020-02-24.pdf
2020-02-25 09:00,71.44,https://github.com/sahilgupta/sbi-fx-ratekeeper/blob/4cea84491ec53b80a5171463e51e04f667bcb6e5/pdf_files/2020/2/2020-02-25.pdf
2020-02-26 09:00,71.3,https://github.com/sahilgupta/sbi-fx-ratekeeper/blob/4cea84491ec53b80a5171463e51e04f667bcb6e5/pdf_files/2020/2/2020-02-26.pdf
2020-02-27 09:00,71.22,https://github.com/sahilgupta/sbi-fx-ratekeeper/blob/4cea84491ec53b80a5171463e51e04f667bcb6e5/pdf_files/2020/2/2020-02-27.pdf
2020-02-28 12:05,71.7,https://github.com/sahilgupta/sbi-fx-ratekeeper/blob/4cea84491ec53b80a5171463e51e04f667bcb6e5/pdf_files/2020/2/2020-02-28.pdf
2020-03-03 12:30,72.45,https://github.com/sahilgupta/sbi-fx-ratekeeper/blob/4cea84491ec53b80a5171463e51e04f667bcb6e5/pdf_files/2020/3/2020-03-03.pdf
2020-03-04 10:30,72.9,https://github.com/sahilgupta/sbi-fx-ratekeeper/blob/4cea84491ec53b80a5171463e51e04f667bcb6e5/pdf_files/2020/3/2020-03-04.pdf
2020-03-05 09:30,72.95,https://github.com/sahilgupta/sbi-fx-ratekeeper/blob/4cea84491ec53b80a5171463e51e04f667bcb6e5/pdf_files/2020/3/2020-03-05.pdf
2020-03-06 09:30,73.5,https://github.com/sahilgupta/sbi-fx-ratekeeper/blob/4cea84491ec53b80a5171463e51e04f667bcb6e5/pdf_files/2020/3/2020-03-06.pdf
2020-03-12 09:30,73.78,https://github.com/sahilgupta/sbi-fx-ratekeeper/blob/4cea84491ec53b80a5171463e51e04f667bcb6e5/pdf_files/2020/3/2020-03-12.pdf
2020-03-13 10:30,73.7,https://github.com/sahilgupta/sbi-fx-ratekeeper/blob/4cea84491ec53b80a5171463e51e04f667bcb6e5/pdf_files/2020/3/2020-03-13.pdf
2020-03-16 15:20,73.7,https://github.com/sahilgupta/sbi-fx-ratekeeper/blob/4cea84491ec53b80a5171463e51e04f667bcb6e5/pdf_files/2020/3/2020-03-16.pdf
2020-03-17 09:32,73.76,https://github.com/sahilgupta/sbi-fx-ratekeeper/blob/4cea84491ec53b80a5171463e51e04f667bcb6e5/pdf_files/2020/3/2020-03-17.pdf
2020-03-18 13:00,73.85,https://github.com/sahilgupta/sbi-fx-ratekeeper/blob/4cea84491ec53b80a5171463e51e04f667bcb6e5/pdf_files/2020/3/2020-03-18.pdf
2020-03-19 00:00,74.6,https://github.com/sahilgupta/sbi-fx-ratekeeper/blob/4cea84491ec53b80a5171463e51e04f667bcb6e5/pdf_files/2020/3/2020-03-19.pdf
2020-03-20 09:44,74.42,https://github.com/sahilgupta/sbi-fx-ratekeeper/blob/4cea84491ec53b80a5171463e51e04f667bcb6e5/pdf_files/2020/3/2020-03-20.pdf
2020-03-23 09:44,75.65,https://github.com/sahilgupta/sbi-fx-ratekeeper/blob/4cea84491ec53b80a5171463e51e04f667bcb6e5/pdf_files/2020/3/2020-03-23.pdf
2020-03-24 09:44,75.6,https://github.com/sahilgupta/sbi-fx-ratekeeper/blob/4cea84491ec53b80a5171463e51e04f667bcb6e5/pdf_files/2020/3/2020-03-24.pdf
2020-03-26 10:13,75.05,https://github.com/sahilgupta/sbi-fx-ratekeeper/blob/4cea84491ec53b80a5171463e51e04f667bcb6e5/pdf_files/2020/3/2020-03-26.pdf
2020-03-27 10:13,74,https://github.com/sahilgupta/sbi-fx-ratekeeper/blob/4cea84491ec53b80a5171463e51e04f667bcb6e5/pdf_files/2020/3/2020-03-27.pdf
2020-03-30 10:13,75.05,https://github.com/sahilgupta/sbi-fx-ratekeeper/blob/4cea84491ec53b80a5171463e51e04f667bcb6e5/pdf_files/2020/3/2020-03-30.pdf
2020-03-31 10:13,75.05,https://github.com/sahilgupta/sbi-fx-ratekeeper/blob/4cea84491ec53b80a5171463e51e04f667bcb6e5/pdf_files/2020/3/2020-03-31.pdf
2020-04-13 10:20,75.9,https://github.com/sahilgupta/sbi-fx-ratekeeper/blob/4cea84491ec53b80a5171463e51e04f667bcb6e5/pdf_files/2020/4/2020-04-13.pdf
2020-04-20 10:25,76,https://github.com/sahilgupta/sbi-fx-ratekeeper/blob/4cea84491ec53b80a5171463e51e04f667bcb6e5/pdf_files/2020/4/2020-04-20.pdf
2020-04-29 09:00,75.3,https://github.com/sahilgupta/sbi-fx-ratekeeper/blob/4cea84491ec53b80a5171463e51e04f667bcb6e5/pdf_files/2020/4/2020-04-29.pdf
2020-04-30 09:00,74.7,https://github.com/sahilgupta/sbi-fx-ratekeeper/blob/4cea84491ec53b80a5171463e51e04f667bcb6e5/pdf_files/2020/4/2020-04-30.pdf
2020-05-12 09:00,75.25,https://github.com/sahilgupta/sbi-fx-ratekeeper/blob/4cea84491ec53b80a5171463e51e04f667bcb6e5/pdf_files/2020/5/2020-05-12.pdf
2020-06-02 16:00,74.75,https://github.com/sahilgupta/sbi-fx-ratekeeper/blob/4cea84491ec53b80a5171463e51e04f667bcb6e5/pdf_files/2020/6/2020-06-02.pdf
2020-06-03 10:00,74.7,https://github.com/sahilgupta/sbi-fx-ratekeeper/blob/4cea84491ec53b80a5171463e51e04f667bcb6e5/pdf_files/2020/6/2020-06-03.pdf
2020-06-04 09:00,75.15,https://github.com/sahilgupta/sbi-fx-ratekeeper/blob/4cea84491ec53b80a5171463e51e04f667bcb6e5/pdf_files/2020/6/2020-06-04.pdf
2020-06-05 09:00,75,https://github.com/sahilgupta/sbi-fx-ratekeeper/blob/4cea84491ec53b80a5171463e51e04f667bcb6e5/pdf_files/2020/6/2020-06-05.pdf
2020-06-08 10:00,75.24,https://github.com/sahilgupta/sbi-fx-ratekeeper/blob/4cea84491ec53b80a5171463e51e04f667bcb6e5/pdf_files/2020/6/2020-06-08.pdf
2020-06-09 10:00,75.1,https://github.com/sahilgupta/sbi-fx-ratekeeper/blob/4cea84491ec53b80a5171463e51e04f667bcb6e5/pdf_files/2020/6/2020-06-09.pdf
2020-06-10 09:00,75.1,https://github.com/sahilgupta/sbi-fx-ratekeeper/blob/4cea84491ec53b80a5171463e51e04f667bcb6e5/pdf_files/2020/6/2020-06-10.pdf
2020-06-11 09:00,75.35,https://github.com/sahilgupta/sbi-fx-ratekeeper/blob/4cea84491ec53b80a5171463e51e04f667bcb6e5/pdf_files/2020/6/2020-06-11.pdf
2020-06-12 09:00,75.65,https://github.com/sahilgupta/sbi-fx-ratekeeper/blob/4cea84491ec53b80a5171463e51e04f667bcb6e5/pdf_files/2020/6/2020-06-12.pdf
2020-06-16 13:30,75.7,https://github.com/sahilgupta/sbi-fx-ratekeeper/blob/4cea84491ec53b80a5171463e51e04f667bcb6e5/pdf_files/2020/6/2020-06-16.pdf
2020-06-17 09:50,75.87,https://github.com/sahilgupta/sbi-fx-ratekeeper/blob/4cea84491ec53b80a5171463e51e04f667bcb6e5/pdf_files/2020/6/2020-06-17.pdf
2020-06-18 09:50,75.75,https://github.com/sahilgupta/sbi-fx-ratekeeper/blob/4cea84491ec53b80a5171463e51e04f667bcb6e5/pdf_files/2020/6/2020-06-18.pdf
2020-06-19 09:50,75.85,https://github.com/sahilgupta/sbi-fx-ratekeeper/blob/4cea84491ec53b80a5171463e51e04f667bcb6e5/pdf_files/2020/6/2020-06-19.pdf
2020-06-22 10:00,75.8,https://github.com/sahilgupta/sbi-fx-ratekeeper/blob/4cea84491ec53b80a5171463e51e04f667bcb6e5/pdf_files/2020/6/2020-06-22.pdf
2020-06-23 10:00,75.45,https://github.com/sahilgupta/sbi-fx-ratekeeper/blob/4cea84491ec53b80a5171463e51e04f667bcb6e5/pdf_files/2020/6/2020-06-23.pdf
2020-06-24 10:00,75.24,https://github.com/sahilgupta/sbi-fx-ratekeeper/blob/4cea84491ec53b80a5171463e51e04f667bcb6e5/pdf_files/2020/6/2020-06-24.pdf
2020-06-25 09:50,75.33,https://github.com/sahilgupta/sbi-fx-ratekeeper/blob/4cea84491ec53b80a5171463e51e04f667bcb6e5/pdf_files/2020/6/2020-06-25.pdf
2020-06-26 10:00,75.13,https://github.com/sahilgupta/sbi-fx-ratekeeper/blob/4cea84491ec53b80a5171463e51e04f667bcb6e5/pdf_files/2020/6/2020-06-26.pdf
2020-06-29 10:00,75.22,https://github.com/sahilgupta/sbi-fx-ratekeeper/blob/4cea84491ec53b80a5171463e51e04f667bcb6e5/pdf_files/2020/6/2020-06-29.pdf
2020-06-30 10:00,75.08,https://github.com/sahilgupta/sbi-fx-ratekeeper/blob/4cea84491ec53b80a5171463e51e04f667bcb6e5/pdf_files/2020/6/2020-06-30.pdf
2020-07-01 10:00,75.12,https://github.com/sahilgupta/sbi-fx-ratekeeper/blob/4cea84491ec53b80a5171463e51e04f667bcb6e5/pdf_files/2020/7/2020-07-01.pdf
2020-07-02 14:20,74.4,https://github.com/sahilgupta/sbi-fx-ratekeeper/blob/4cea84491ec53b80a5171463e51e04f667bcb6e5/pdf_files/2020/7/2020-07-02.pdf
2020-07-03 09:00,74.5,https://github.com/sahilgupta/sbi-fx-ratekeeper/blob/4cea84491ec53b80a5171463e51e04f667bcb6e5/pdf_files/2020/7/2020-07-03.pdf
2020-07-08 09:00,74.6,https://github.com/sahilgupta/sbi-fx-ratekeeper/blob/4cea84491ec53b80a5171463e51e04f667bcb6e5/pdf_files/2020/7/2020-07-08.pdf
2020-07-09 09:00,74.55,https://github.com/sahilgupta/sbi-fx-ratekeeper/blob/4cea84491ec53b80a5171463e51e04f667bcb6e5/pdf_files/2020/7/2020-07-09.pdf
2020-07-10 09:00,74.72,https://github.com/sahilgupta/sbi-fx-ratekeeper/blob/4cea84491ec53b80a5171463e51e04f667bcb6e5/pdf_files/2020/7/2020-07-10.pdf
2020-07-13 09:50,74.8,https://github.com/sahilgupta/sbi-fx-ratekeeper/blob/4cea84491ec53b80a5171463e51e04f667bcb6e5/pdf_files/2020/7/2020-07-13.pdf
2020-07-14 09:50,74.87,https://github.com/sahilgupta/sbi-fx-ratekeeper/blob/4cea84491ec53b80a5171463e51e04f667bcb6e5/pdf_files/2020/7/2020-07-14.pdf
2020-07-15 10:00,74.95,https://github.com/sahilgupta/sbi-fx-ratekeeper/blob/4cea84491ec53b80a5171463e51e04f667bcb6e5/pdf_files/2020/7/2020-07-15.pdf
2020-07-16 10:00,74.8,https://github.com/sahilgupta/sbi-fx-ratekeeper/blob/4cea84491ec53b80a5171463e51e04f667bcb6e5/pdf_files/2020/7/2020-07-16.pdf
2020-07-17 09:50,74.83,https://github.com/sahilgupta/sbi-fx-ratekeeper/blob/4cea84491ec53b80a5171463e51e04f667bcb6e5/pdf_files/2020/7/2020-07-17.pdf
2020-07-20 09:00,74.55,https://github.com/sahilgupta/sbi-fx-ratekeeper/blob/4cea84491ec53b80a5171463e51e04f667bcb6e5/pdf_files/2020/7/2020-07-20.pdf
2020-07-21 10:00,74.35,https://github.com/sahilgupta/sbi-fx-ratekeeper/blob/4cea84491ec53b80a5171463e51e04f667bcb6e5/pdf_files/2020/7/2020-07-21.pdf
2020-07-22 10:00,74.2,https://github.com/sahilgupta/sbi-fx-ratekeeper/blob/4cea84491ec53b80a5171463e51e04f667bcb6e5/pdf_files/2020/7/2020-07-22.pdf
2020-07-23 10:00,74.25,https://github.com/sahilgupta/sbi-fx-ratekeeper/blob/4cea84491ec53b80a5171463e51e04f667bcb6e5/pdf_files/2020/7/2020-07-23.pdf
2020-07-24 10:00,74.52,https://github.com/sahilgupta/sbi-fx-ratekeeper/blob/4cea84491ec53b80a5171463e51e04f667bcb6e5/pdf_files/2020/7/2020-07-24.pdf
2020-07-27 13:30,74.5,https://github.com/sahilgupta/sbi-fx-ratekeeper/blob/4cea84491ec53b80a5171463e51e04f667bcb6e5/pdf_files/2020/7/2020-07-27.pdf
2020-07-28 09:50,74.45,https://github.com/sahilgupta/sbi-fx-ratekeeper/blob/4cea84491ec53b80a5171463e51e04f667bcb6e5/pdf_files/2020/7/2020-07-28.pdf
2020-07-29 09:50,74.45,https://github.com/sahilgupta/sbi-fx-ratekeeper/blob/4cea84491ec53b80a5171463e51e04f667bcb6e5/pdf_files/2020/7/2020-07-29.pdf
2020-07-30 09:50,74.42,https://github.com/sahilgupta/sbi-fx-ratekeeper/blob/4cea84491ec53b80a5171463e51e04f667bcb6e5/pdf_files/2020/7/2020-07-30.pdf
2020-07-31 09:50,74.35,https://github.com/sahilgupta/sbi-fx-ratekeeper/blob/4cea84491ec53b80a5171463e51e04f667bcb6e5/pdf_files/2020/7/2020-07-31.pdf
2020-08-03 10:00,74.5,https://github.com/sahilgupta/sbi-fx-ratekeeper/blob/4cea84491ec53b80a5171463e51e04f667bcb6e5/pdf_files/2020/8/2020-08-03.pdf
2020-08-04 10:00,74.79,https://github.com/sahilgupta/sbi-fx-ratekeeper/blob/4cea84491ec53b80a5171463e51e04f667bcb6e5/pdf_files/2020/8/2020-08-04.pdf
2020-08-05 10:00,74.55,https://github.com/sahilgupta/sbi-fx-ratekeeper/blob/4cea84491ec53b80a5171463e51e04f667bcb6e5/pdf_files/2020/8/2020-08-05.pdf
2020-08-06 10:00,74.42,https://github.com/sahilgupta/sbi-fx-ratekeeper/blob/4cea84491ec53b80a5171463e51e04f667bcb6e5/pdf_files/2020/8/2020-08-06.pdf
2020-08-10 10:00,74.55,https://github.com/sahilgupta/sbi-fx-ratekeeper/blob/4cea84491ec53b80a5171463e51e04f667bcb6e5/pdf_files/2020/8/2020-08-10.pdf
2020-08-11 09:50,74.46,https://github.com/sahilgupta/sbi-fx-ratekeeper/blob/4cea84491ec53b80a5171463e51e04f667bcb6e5/pdf_files/2020/8/2020-08-11.pdf
2020-08-12 09:50,74.35,https://github.com/sahilgupta/sbi-fx-ratekeeper/blob/4cea84491ec53b80a5171463e51e04f667bcb6e5/pdf_files/2020/8/2020-08-12.pdf
2020-08-13 09:50,74.42,https://github.com/sahilgupta/sbi-fx-ratekeeper/blob/4cea84491ec53b80a5171463e51e04f667bcb6e5/pdf_files/2020/8/2020-08-13.pdf
2020-08-14 09:50,74.45,https://github.com/sahilgupta/sbi-fx-ratekeeper/blob/4cea84491ec53b80a5171463e51e04f667bcb6e5/pdf_files/2020/8/2020-08-14.pdf
2020-08-25 12:00,73.95,https://github.com/sahilgupta/sbi-fx-ratekeeper/blob/4cea84491ec53b80a5171463e51e04f667bcb6e5/pdf_files/2020/8/2020-08-25.pdf
2020-08-26 09:50,73.9,https://github.com/sahilgupta/sbi-fx-ratekeeper/blob/4cea84491ec53b80a5171463e51e04f667bcb6e5/pdf_files/2020/8/2020-08-26.pdf
2020-08-27 12:15,73.55,https://github.com/sahilgupta/sbi-fx-ratekeeper/blob/4cea84491ec53b80a5171463e51e04f667bcb6e5/pdf_files/2020/8/2020-08-27.pdf
2020-08-28 11:30,73,https://github.com/sahilgupta/sbi-fx-ratekeeper/blob/4cea84491ec53b80a5171463e51e04f667bcb6e5/pdf_files/2020/8/2020-08-28.pdf
2020-08-31 09:00,73.2,https://github.com/sahilgupta/sbi-fx-ratekeeper/blob/4cea84491ec53b80a5171463e51e04f667bcb6e5/pdf_files/2020/8/2020-08-31.pdf
2020-09-01 09:00,72.65,https://github.com/sahilgupta/sbi-fx-ratekeeper/blob/4cea84491ec53b80a5171463e51e04f667bcb6e5/pdf_files/2020/9/2020-09-01.pdf
2020-09-02 10:00,72.7,https://github.com/sahilgupta/sbi-fx-ratekeeper/blob/4cea84491ec53b80a5171463e51e04f667bcb6e5/pdf_files/2020/9/2020-09-02.pdf
2020-09-03 09:00,73,https://github.com/sahilgupta/sbi-fx-ratekeeper/blob/4cea84491ec53b80a5171463e51e04f667bcb6e5/pdf_files/2020/9/2020-09-03.pdf
2020-09-04 09:00,73.05,https://github.com/sahilgupta/sbi-fx-ratekeeper/blob/4cea84491ec53b80a5171463e51e04f667bcb6e5/pdf_files/2020/9/2020-09-04.pdf
2020-09-07 10:00,72.75,https://github.com/sahilgupta/sbi-fx-ratekeeper/blob/4cea84491ec53b80a5171463e51e04f667bcb6e5/pdf_files/2020/9/2020-09-07.pdf
2020-09-08 10:00,73.25,https://github.com/sahilgupta/sbi-fx-ratekeeper/blob/4cea84491ec53b80a5171463e51e04f667bcb6e5/pdf_files/2020/9/2020-09-08.pdf
2020-09-09 10:00,73.25,https://github.com/sahilgupta/sbi-fx-ratekeeper/blob/4cea84491ec53b80a5171463e51e04f667bcb6e5/pdf_files/2020/9/2020-09-09.pdf
2020-09-10 10:00,72.8,https://github.com/sahilgupta/sbi-fx-ratekeeper/blob/4cea84491ec53b80a5171463e51e04f667bcb6e5/pdf_files/2020/9/2020-09-10.pdf
2020-09-11 10:00,73.1,https://github.com/sahilgupta/sbi-fx-ratekeeper/blob/4cea84491ec53b80a5171463e51e04f667bcb6e5/pdf_files/2020/9/2020-09-11.pdf
2020-09-14 09:50,73.05,https://github.com/sahilgupta/sbi-fx-ratekeeper/blob/4cea84491ec53b80a5171463e51e04f667bcb6e5/pdf_files/2020/9/2020-09-14.pdf
2020-09-15 09:50,73,https://github.com/sahilgupta/sbi-fx-ratekeeper/blob/4cea84491ec53b80a5171463e51e04f667bcb6e5/pdf_files/2020/9/2020-09-15.pdf
2020-09-16 09:50,73.2,https://github.com/sahilgupta/sbi-fx-ratekeeper/blob/4cea84491ec53b80a5171463e51e04f667bcb6e5/pdf_files/2020/9/2020-09-16.pdf
2020-09-17 09:50,73.3,https://github.com/sahilgupta/sbi-fx-ratekeeper/blob/4cea84491ec53b80a5171463e51e04f667bcb6e5/pdf_files/2020/9/2020-09-17.pdf
2020-09-21 10:00,73.02,https://github.com/sahilgupta/sbi-fx-ratekeeper/blob/4cea84491ec53b80a5171463e51e04f667bcb6e5/pdf_files/2020/9/2020-09-21.pdf
2020-09-22 10:00,73.1,https://github.com/sahilgupta/sbi-fx-ratekeeper/blob/4cea84491ec53b80a5171463e51e04f667bcb6e5/pdf_files/2020/9/2020-09-22.pdf
2020-09-23 10:00,73.18,https://github.com/sahilgupta/sbi-fx-ratekeeper/blob/4cea84491ec53b80a5171463e51e04f667bcb6e5/pdf_files/2020/9/2020-09-23.pdf
2020-09-24 10:00,73.4,https://github.com/sahilgupta/sbi-fx-ratekeeper/blob/4cea84491ec53b80a5171463e51e04f667bcb6e5/pdf_files/2020/9/2020-09-24.pdf
2020-09-25 10:00,73.4,https://github.com/sahilgupta/sbi-fx-ratekeeper/blob/4cea84491ec53b80a5171463e51e04f667bcb6e5/pdf_files/2020/9/2020-09-25.pdf
2020-09-28 09:00,73.28,https://github.com/sahilgupta/sbi-fx-ratekeeper/blob/4cea84491ec53b80a5171463e51e04f667bcb6e5/pdf_files/2020/9/2020-09-28.pdf
2020-09-29 09:00,73.35,https://github.com/sahilgupta/sbi-fx-ratekeeper/blob/4cea84491ec53b80a5171463e51e04f667bcb6e5/pdf_files/2020/9/2020-09-29.pdf
2020-09-30 10:00,73.4,https://github.com/sahilgupta/sbi-fx-ratekeeper/blob/4cea84491ec53b80a5171463e51e04f667bcb6e5/pdf_files/2020/9/2020-09-30.pdf
2020-10-01 09:00,73.21,https://github.com/sahilgupta/sbi-fx-ratekeeper/blob/4cea84491ec53b80a5171463e51e04f667bcb6e5/pdf_files/2020/10/2020-10-01.pdf
2020-10-05 10:00,72.77,https://github.com/sahilgupta/sbi-fx-ratekeeper/blob/4cea84491ec53b80a5171463e51e04f667bcb6e5/pdf_files/2020/10/2020-10-05.pdf
2020-10-06 10:00,72.8,https://github.com/sahilgupta/sbi-fx-ratekeeper/blob/4cea84491ec53b80a5171463e51e04f667bcb6e5/pdf_files/2020/10/2020-10-06.pdf
2020-10-07 10:00,73.13,https://github.com/sahilgupta/sbi-fx-ratekeeper/blob/4cea84491ec53b80a5171463e51e04f667bcb6e5/pdf_files/2020/10/2020-10-07.pdf
2020-10-08 09:50,72.95,https://github.com/sahilgupta/sbi-fx-ratekeeper/blob/4cea84491ec53b80a5171463e51e04f667bcb6e5/pdf_files/2020/10/2020-10-08.pdf
2020-10-09 10:00,72.77,https://github.com/sahilgupta/sbi-fx-ratekeeper/blob/4cea84491ec53b80a5171463e51e04f667bcb6e5/pdf_files/2020/10/2020-10-09.pdf
2020-10-12 09:00,72.7,https://github.com/sahilgupta/sbi-fx-ratekeeper/blob/4cea84491ec53b80a5171463e51e04f667bcb6e5/pdf_files/2020/10/2020-10-12.pdf
2020-10-14 09:00,73,https://github.com/sahilgupta/sbi-fx-ratekeeper/blob/4cea84491ec53b80a5171463e51e04f667bcb6e5/pdf_files/2020/10/2020-10-14.pdf
2020-10-16 09:00,73.05,https://github.com/sahilgupta/sbi-fx-ratekeeper/blob/4cea84491ec53b80a5171463e51e04f667bcb6e5/pdf_files/2020/10/2020-10-16.pdf
2020-10-22 09:50,73.3,https://github.com/sahilgupta/sbi-fx-ratekeeper/blob/4cea84491ec53b80a5171463e51e04f667bcb6e5/pdf_files/2020/10/2020-10-22.pdf
2020-10-23 09:55,73.25,https://github.com/sahilgupta/sbi-fx-ratekeeper/blob/4cea84491ec53b80a5171463e51e04f667bcb6e5/pdf_files/2020/10/2020-10-23.pdf
2020-10-26 10:00,73.37,https://github.com/sahilgupta/sbi-fx-ratekeeper/blob/4cea84491ec53b80a5171463e51e04f667bcb6e5/pdf_files/2020/10/2020-10-26.pdf
2020-10-27 10:00,73.52,https://github.com/sahilgupta/sbi-fx-ratekeeper/blob/4cea84491ec53b80a5171463e51e04f667bcb6e5/pdf_files/2020/10/2020-10-27.pdf
2020-10-28 10:00,73.3,https://github.com/sahilgupta/sbi-fx-ratekeeper/blob/4cea84491ec53b80a5171463e51e04f667bcb6e5/pdf_files/2020/10/2020-10-28.pdf
2020-10-29 10:00,73.65,https://github.com/sahilgupta/sbi-fx-ratekeeper/blob/4cea84491ec53b80a5171463e51e04f667bcb6e5/pdf_files/2020/10/2020-10-29.pdf
2020-11-03 09:00,73.95,https://github.com/sahilgupta/sbi-fx-ratekeeper/blob/4cea84491ec53b80a5171463e51e04f667bcb6e5/pdf_files/2020/11/2020-11-03.pdf
2020-11-04 09:00,74.45,https://github.com/sahilgupta/sbi-fx-ratekeeper/blob/4cea84491ec53b80a5171463e51e04f667bcb6e5/pdf_files/2020/11/2020-11-04.pdf
2020-11-05 10:00,73.85,https://github.com/sahilgupta/sbi-fx-ratekeeper/blob/4cea84491ec53b80a5171463e51e04f667bcb6e5/pdf_files/2020/11/2020-11-05.pdf
2020-11-06 10:00,73.63,https://github.com/sahilgupta/sbi-fx-ratekeeper/blob/4cea84491ec53b80a5171463e51e04f667bcb6e5/pdf_files/2020/11/2020-11-06.pdf
2020-11-09 10:00,73.55,https://github.com/sahilgupta/sbi-fx-ratekeeper/blob/4cea84491ec53b80a5171463e51e04f667bcb6e5/pdf_files/2020/11/2020-11-09.pdf
2020-11-10 10:00,73.65,https://github.com/sahilgupta/sbi-fx-ratekeeper/blob/4cea84491ec53b80a5171463e51e04f667bcb6e5/pdf_files/2020/11/2020-11-10.pdf
2020-11-12 10:00,74.25,https://github.com/sahilgupta/sbi-fx-ratekeeper/blob/4cea84491ec53b80a5171463e51e04f667bcb6e5/pdf_files/2020/11/2020-11-12.pdf
2020-11-13 10:00,74.25,https://github.com/sahilgupta/sbi-fx-ratekeeper/blob/4cea84491ec53b80a5171463e51e04f667bcb6e5/pdf_files/2020/11/2020-11-13.pdf
2020-11-17 10:00,74.05,https://github.com/sahilgupta/sbi-fx-ratekeeper/blob/4cea84491ec53b80a5171463e51e04f667bcb6e5/pdf_files/2020/11/2020-11-17.pdf
2020-11-18 10:00,74.1,https://github.com/sahilgupta/sbi-fx-ratekeeper/blob/4cea84491ec53b80a5171463e51e04f667bcb6e5/pdf_files/2020/11/2020-11-18.pdf
2020-11-19 10:00,73.9,https://github.com/sahilgupta/sbi-fx-ratekeeper/blob/4cea84491ec53b80a5171463e51e04f667bcb6e5/pdf_files/2020/11/2020-11-19.pdf
2020-11-23 10:00,73.76,https://github.com/sahilgupta/sbi-fx-ratekeeper/blob/4cea84491ec53b80a5171463e51e04f667bcb6e5/pdf_files/2020/11/2020-11-23.pdf
2020-11-24 10:00,73.55,https://github.com/sahilgupta/sbi-fx-ratekeeper/blob/4cea84491ec53b80a5171463e51e04f667bcb6e5/pdf_files/2020/11/2020-11-24.pdf
2020-11-25 10:00,73.6,https://github.com/sahilgupta/sbi-fx-ratekeeper/blob/4cea84491ec53b80a5171463e51e04f667bcb6e5/pdf_files/2020/11/2020-11-25.pdf
2020-11-26 10:00,73.43,https://github.com/sahilgupta/sbi-fx-ratekeeper/blob/4cea84491ec53b80a5171463e51e04f667bcb6e5/pdf_files/2020/11/2020-11-26.pdf
2020-11-27 10:00,73.41,https://github.com/sahilgupta/sbi-fx-ratekeeper/blob/4cea84491ec53b80a5171463e51e04f667bcb6e5/pdf_files/2020/11/2020-11-27.pdf
2020-12-01 10:00,73.58,https://github.com/sahilgupta/sbi-fx-ratekeeper/blob/4cea84491ec53b80a5171463e51e04f667bcb6e5/pdf_files/2020/12/2020-12-01.pdf
2020-12-02 14:30,73.33,https://github.com/sahilgupta/sbi-fx-ratekeeper/blob/4cea84491ec53b80a5171463e51e04f667bcb6e5/pdf_files/2020/12/2020-12-02.pdf
2020-12-03 10:00,73.4,https://github.com/sahilgupta/sbi-fx-ratekeeper/blob/4cea84491ec53b80a5171463e51e04f667bcb6e5/pdf_files/2020/12/2020-12-03.pdf
2020-12-04 10:00,73.45,https://github.com/sahilgupta/sbi-fx-ratekeeper/blob/4cea84491ec53b80a5171463e51e04f667bcb6e5/pdf_files/2020/12/2020-12-04.pdf
2020-12-07 10:00,73.4,https://github.com/sahilgupta/sbi-fx-ratekeeper/blob/4cea84491ec53b80a5171463e51e04f667bcb6e5/pdf_files/2020/12/2020-12-07.pdf
2020-12-08 10:00,73.43,https://github.com/sahilgupta/sbi-fx-ratekeeper/blob/4cea84491ec53b80a5171463e51e04f667bcb6e5/pdf_files/2020/12/2020-12-08.pdf
2020-12-09 10:00,73.23,https://github.com/sahilgupta/sbi-fx-ratekeeper/blob/4cea84491ec53b80a5171463e51e04f667bcb6e5/pdf_files/2020/12/2020-12-09.pdf
2020-12-10 10:00,73.3,https://github.com/sahilgupta/sbi-fx-ratekeeper/blob/4cea84491ec53b80a5171463e51e04f667bcb6e5/pdf_files/2020/12/2020-12-10.pdf
2020-12-11 10:00,73.25,https://github.com/sahilgupta/sbi-fx-ratekeeper/blob/4cea84491ec53b80a5171463e51e04f667bcb6e5/pdf_files/2020/12/2020-12-11.pdf
2020-12-14 10:00,73.23,https://github.com/sahilgupta/sbi-fx-ratekeeper/blob/4cea84491ec53b80a5171463e51e04f667bcb6e5/pdf_files/2020/12/2020-12-14.pdf
2020-12-15 10:00,73.23,https://github.com/sahilgupta/sbi-fx-ratekeeper/blob/4cea84491ec53b80a5171463e51e04f667bcb6e5/pdf_files/2020/12/2020-12-15.pdf
2020-12-16 10:00,73.1,https://github.com/sahilgupta/sbi-fx-ratekeeper/blob/4cea84491ec53b80a5171463e51e04f667bcb6e5/pdf_files/2020/12/2020-12-16.pdf
2020-12-17 10:00,73.15,https://github.com/sahilgupta/sbi-fx-ratekeeper/blob/4cea84491ec53b80a5171463e51e04f667bcb6e5/pdf_files/2020/12/2020-12-17.pdf
2020-12-18 10:00,73.16,https://github.com/sahilgupta/sbi-fx-ratekeeper/blob/4cea84491ec53b80a5171463e51e04f667bcb6e5/pdf_files/2020/12/2020-12-18.pdf
2020-12-21 10:00,73.55,https://github.com/sahilgupta/sbi-fx-ratekeeper/blob/4cea84491ec53b80a5171463e51e04f667bcb6e5/pdf_files/2020/12/2020-12-21.pdf
2020-12-22 10:00,73.5,https://github.com/sahilgupta/sbi-fx-ratekeeper/blob/4cea84491ec53b80a5171463e51e04f667bcb6e5/pdf_files/2020/12/2020-12-22.pdf
2020-12-23 10:00,73.5,https://github.com/sahilgupta/sbi-fx-ratekeeper/blob/4cea84491ec53b80a5171463e51e04f667bcb6e5/pdf_files/2020/12/2020-12-23.pdf
2020-12-24 10:00,73.27,https://github.com/sahilgupta/sbi-fx-ratekeeper/blob/4cea84491ec53b80a5171463e51e04f667bcb6e5/pdf_files/2020/12/2020-12-24.pdf
2020-12-28 10:00,73.1,https://github.com/sahilgupta/sbi-fx-ratekeeper/blob/4cea84491ec53b80a5171463e51e04f667bcb6e5/pdf_files/2020/12/2020-12-28.pdf
2020-12-29 10:00,73.05,https://github.com/sahilgupta/sbi-fx-ratekeeper/blob/4cea84491ec53b80a5171463e51e04f667bcb6e5/pdf_files/2020/12/2020-12-29.pdf
2020-12-30 10:00,72.97,https://github.com/sahilgupta/sbi-fx-ratekeeper/blob/4cea84491ec53b80a5171463e51e04f667bcb6e5/pdf_files/2020/12/2020-12-30.pdf
2020-12-31 10:00,72.79,https://github.com/sahilgupta/sbi-fx-ratekeeper/blob/4cea84491ec53b80a5171463e51e04f667bcb6e5/pdf_files/2020/12/2020-12-31.pdf
2021-01-06 10:00,72.8,https://github.com/sahilgupta/sbi-fx-ratekeeper/blob/4cea84491ec53b80a5171463e51e04f667bcb6e5/pdf_files/2021/1/2021-01-06.pdf
2021-01-07 10:00,72.72,https://github.com/sahilgupta/sbi-fx-ratekeeper/blob/4cea84491ec53b80a5171463e51e04f667bcb6e5/pdf_files/2021/1/2021-01-07.pdf
2021-01-08 10:00,72.98,https://github.com/sahilgupta/sbi-fx-ratekeeper/blob/4cea84491ec53b80a5171463e51e04f667bcb6e5/pdf_files/2021/1/2021-01-08.pdf
2021-01-11 10:00,73.02,https://github.com/sahilgupta/sbi-fx-ratekeeper/blob/4cea84491ec53b80a5171463e51e04f667bcb6e5/pdf_files/2021/1/2021-01-11.pdf
2021-01-12 10:00,73.01,https://github.com/sahilgupta/sbi-fx-ratekeeper/blob/4cea84491ec53b80a5171463e51e04f667bcb6e5/pdf_files/2021/1/2021-01-12.pdf
2021-01-13 10:00,72.77,https://github.com/sahilgupta/sbi-fx-ratekeeper/blob/4cea84491ec53b80a5171463e51e04f667bcb6e5/pdf_files/2021/1/2021-01-13.pdf
2021-01-14 10:00,72.79,https://github.com/sahilgupta/sbi-fx-ratekeeper/blob/4cea84491ec53b80a5171463e51e04f667bcb6e5/pdf_files/2021/1/2021-01-14.pdf
2021-01-15 10:00,72.67,https://github.com/sahilgupta/sbi-fx-ratekeeper/blob/4cea84491ec53b80a5171463e51e04f667bcb6e5/pdf_files/2021/1/2021-01-15.pdf
2021-01-18 10:00,72.81,https://github.com/sahilgupta/sbi-fx-ratekeeper/blob/4cea84491ec53b80a5171463e51e04f667bcb6e5/pdf_files/2021/1/2021-01-18.pdf
2021-01-19 10:00,72.77,https://github.com/sahilgupta/sbi-fx-ratekeeper/blob/4cea84491ec53b80a5171463e51e04f667bcb6e5/pdf_files/2021/1/2021-01-19.pdf
2021-01-20 10:00,72.7,https://github.com/sahilgupta/sbi-fx-ratekeeper/blob/4cea84491ec53b80a5171463e51e04f667bcb6e5/pdf_files/2021/1/2021-01-20.pdf
2021-01-21 10:00,72.53,https://github.com/sahilgupta/sbi-fx-ratekeeper/blob/4cea84491ec53b80a5171463e51e04f667bcb6e5/pdf_files/2021/1/2021-01-21.pdf
2021-01-22 10:00,72.63,https://github.com/sahilgupta/sbi-fx-ratekeeper/blob/4cea84491ec53b80a5171463e51e04f667bcb6e5/pdf_files/2021/1/2021-01-22.pdf
2021-01-25 10:00,72.57,https://github.com/sahilgupta/sbi-fx-ratekeeper/blob/4cea84491ec53b80a5171463e51e04f667bcb6e5/pdf_files/2021/1/2021-01-25.pdf
2021-01-28 10:00,72.7,https://github.com/sahilgupta/sbi-fx-ratekeeper/blob/4cea84491ec53b80a5171463e51e04f667bcb6e5/pdf_files/2021/1/2021-01-28.pdf
2021-01-29 10:00,72.58,https://github.com/sahilgupta/sbi-fx-ratekeeper/blob/4cea84491ec53b80a5171463e51e04f667bcb6e5/pdf_files/2021/1/2021-01-29.pdf
2021-02-01 10:00,72.48,https://github.com/sahilgupta/sbi-fx-ratekeeper/blob/4cea84491ec53b80a5171463e51e04f667bcb6e5/pdf_files/2021/2/2021-02-01.pdf
2021-02-02 10:00,72.68,https://github.com/sahilgupta/sbi-fx-ratekeeper/blob/4cea84491ec53b80a5171463e51e04f667bcb6e5/pdf_files/2021/2/2021-02-02.pdf
2021-02-03 10:00,72.58,https://github.com/sahilgupta/sbi-fx-ratekeeper/blob/4cea84491ec53b80a5171463e51e04f667bcb6e5/pdf_files/2021/2/2021-02-03.pdf
2021-02-04 10:00,72.52,https://github.com/sahilgupta/sbi-fx-ratekeeper/blob/4cea84491ec53b80a5171463e51e04f667bcb6e5/pdf_files/2021/2/2021-02-04.pdf
2021-02-05 10:00,72.6,https://github.com/sahilgupta/sbi-fx-ratekeeper/blob/4cea84491ec53b80a5171463e51e04f667bcb6e5/pdf_files/2021/2/2021-02-05.pdf
2021-02-10 10:00,72.48,https://github.com/sahilgupta/sbi-fx-ratekeeper/blob/4cea84491ec53b80a5171463e51e04f667bcb6e5/pdf_files/2021/2/2021-02-10.pdf
2021-02-17 10:00,72.52,https://github.com/sahilgupta/sbi-fx-ratekeeper/blob/4cea84491ec53b80a5171463e51e04f667bcb6e5/pdf_files/2021/2/2021-02-17.pdf
2021-02-18 10:00,72.3,https://github.com/sahilgupta/sbi-fx-ratekeeper/blob/4cea84491ec53b80a5171463e51e04f667bcb6e5/pdf_files/2021/2/2021-02-18.pdf
2021-02-22 10:00,71.95,https://github.com/sahilgupta/sbi-fx-ratekeeper/blob/4cea84491ec53b80a5171463e51e04f667bcb6e5/pdf_files/2021/2/2021-02-22.pdf
2021-02-23 10:00,72,https://github.com/sahilgupta/sbi-fx-ratekeeper/blob/4cea84491ec53b80a5171463e51e04f667bcb6e5/pdf_files/2021/2/2021-02-23.pdf
2021-02-24 10:00,71.96,https://github.com/sahilgupta/sbi-fx-ratekeeper/blob/4cea84491ec53b80a5171463e51e04f667bcb6e5/pdf_files/2021/2/2021-02-24.pdf
2021-02-25 10:00,71.93,https://github.com/sahilgupta/sbi-fx-ratekeeper/blob/4cea84491ec53b80a5171463e51e04f667bcb6e5/pdf_files/2021/2/2021-02-25.pdf
2021-02-26 15:00,73.2,https://github.com/sahilgupta/sbi-fx-ratekeeper/blob/4cea84491ec53b80a5171463e51e04f667bcb6e5/pdf_files/2021/2/2021-02-26.pdf
2021-03-01 10:00,73.26,https://github.com/sahilgupta/sbi-fx-ratekeeper/blob/4cea84491ec53b80a5171463e51e04f667bcb6e5/pdf_files/2021/3/2021-03-01.pdf
2021-03-02 10:00,73.04,https://github.com/sahilgupta/sbi-fx-ratekeeper/blob/4cea84491ec53b80a5171463e51e04f667bcb6e5/pdf_files/2021/3/2021-03-02.pdf
2021-03-03 10:00,72.65,https://github.com/sahilgupta/sbi-fx-ratekeeper/blob/4cea84491ec53b80a5171463e51e04f667bcb6e5/pdf_files/2021/3/2021-03-03.pdf
2021-03-04 10:00,72.4,https://github.com/sahilgupta/sbi-fx-ratekeeper/blob/4cea84491ec53b80a5171463e51e04f667bcb6e5/pdf_files/2021/3/2021-03-04.pdf
2021-03-05 10:00,72.5,https://github.com/sahilgupta/sbi-fx-ratekeeper/blob/4cea84491ec53b80a5171463e51e04f667bcb6e5/pdf_files/2021/3/2021-03-05.pdf
2021-03-08 10:00,72.8,https://github.com/sahilgupta/sbi-fx-ratekeeper/blob/4cea84491ec53b80a5171463e51e04f667bcb6e5/pdf_files/2021/3/2021-03-08.pdf
2021-03-09 10:00,72.6,https://github.com/sahilgupta/sbi-fx-ratekeeper/blob/4cea84491ec53b80a5171463e51e04f667bcb6e5/pdf_files/2021/3/2021-03-09.pdf
2021-03-10 10:00,72.54,https://github.com/sahilgupta/sbi-fx-ratekeeper/blob/4cea84491ec53b80a5171463e51e04f667bcb6e5/pdf_files/2021/3/2021-03-10.pdf
2021-03-12 10:00,72.32,https://github.com/sahilgupta/sbi-fx-ratekeeper/blob/4cea84491ec53b80a5171463e51e04f667bcb6e5/pdf_files/2021/3/2021-03-12.pdf
2021-03-15 10:00,72.32,https://github.com/sahilgupta/sbi-fx-ratekeeper/blob/4cea84491ec53b80a5171463e51e04f667bcb6e5/pdf_files/2021/3/2021-03-15.pdf
2021-03-16 10:00,72.09,https://github.com/sahilgupta/sbi-fx-ratekeeper/blob/4cea84491ec53b80a5171463e51e04f667bcb6e5/pdf_files/2021/3/2021-03-16.pdf
2021-03-17 10:00,72.13,https://github.com/sahilgupta/sbi-fx-ratekeeper/blob/4cea84491ec53b80a5171463e51e04f667bcb6e5/pdf_files/2021/3/2021-03-17.pdf
2021-03-18 10:00,72.03,https://github.com/sahilgupta/sbi-fx-ratekeeper/blob/4cea84491ec53b80a5171463e51e04f667bcb6e5/pdf_files/2021/3/2021-03-18.pdf
2021-03-19 10:00,72.1,https://github.com/sahilgupta/sbi-fx-ratekeeper/blob/4cea84491ec53b80a5171463e51e04f667bcb6e5/pdf_files/2021/3/2021-03-19.pdf
2021-03-23 10:00,71.95,https://github.com/sahilgupta/sbi-fx-ratekeeper/blob/4cea84491ec53b80a5171463e51e04f667bcb6e5/pdf_files/2021/3/2021-03-23.pdf
2021-03-24 10:00,72.14,https://github.com/sahilgupta/sbi-fx-ratekeeper/blob/4cea84491ec53b80a5171463e51e04f667bcb6e5/pdf_files/2021/3/2021-03-24.pdf
2021-03-25 10:00,72.25,https://github.com/sahilgupta/sbi-fx-ratekeeper/blob/4cea84491ec53b80a5171463e51e04f667bcb6e5/pdf_files/2021/3/2021-03-25.pdf
2021-03-26 10:00,72.13,https://github.com/sahilgupta/sbi-fx-ratekeeper/blob/4cea84491ec53b80a5171463e51e04f667bcb6e5/pdf_files/2021/3/2021-03-26.pdf
2021-03-30 10:00,72.9,https://github.com/sahilgupta/sbi-fx-ratekeeper/blob/4cea84491ec53b80a5171463e51e04f667bcb6e5/pdf_files/2021/3/2021-03-30.pdf
2021-03-31 10:00,72.85,https://github.com/sahilgupta/sbi-fx-ratekeeper/blob/4cea84491ec53b80a5171463e51e04f667bcb6e5/pdf_files/2021/3/2021-03-31.pdf
2021-04-07 10:00,73.35,https://github.com/sahilgupta/sbi-fx-ratekeeper/blob/4cea84491ec53b80a5171463e51e04f667bcb6e5/pdf_files/2021/4/2021-04-07.pdf
2021-04-08 10:00,73.9,https://github.com/sahilgupta/sbi-fx-ratekeeper/blob/4cea84491ec53b80a5171463e51e04f667bcb6e5/pdf_files/2021/4/2021-04-08.pdf
2021-04-09 10:00,74.35,https://github.com/sahilgupta/sbi-fx-ratekeeper/blob/4cea84491ec53b80a5171463e51e04f667bcb6e5/pdf_files/2021/4/2021-04-09.pdf
2021-04-12 10:00,74.52,https://github.com/sahilgupta/sbi-fx-ratekeeper/blob/4cea84491ec53b80a5171463e51e04f667bcb6e5/pdf_files/2021/4/2021-04-12.pdf
2021-04-15 10:00,74.85,https://github.com/sahilgupta/sbi-fx-ratekeeper/blob/4cea84491ec53b80a5171463e51e04f667bcb6e5/pdf_files/2021/4/2021-04-15.pdf
2021-04-16 09:00,74.1,https://github.com/sahilgupta/sbi-fx-ratekeeper/blob/4cea84491ec53b80a5171463e51e04f667bcb6e5/pdf_files/2021/4/2021-04-16.pdf
2021-04-19 09:00,74.28,https://github.com/sahilgupta/sbi-fx-ratekeeper/blob/4cea84491ec53b80a5171463e51e04f667bcb6e5/pdf_files/2021/4/2021-04-19.pdf
2021-04-20 09:00,74.4,https://github.com/sahilgupta/sbi-fx-ratekeeper/blob/4cea84491ec53b80a5171463e51e04f667bcb6e5/pdf_files/2021/4/2021-04-20.pdf
2021-04-22 10:00,74.9,https://github.com/sahilgupta/sbi-fx-ratekeeper/blob/4cea84491ec53b80a5171463e51e04f667bcb6e5/pdf_files/2021/4/2021-04-22.pdf
2021-04-23 10:00,74.4,https://github.com/sahilgupta/sbi-fx-ratekeeper/blob/4cea84491ec53b80a5171463e51e04f667bcb6e5/pdf_files/2021/4/2021-04-23.pdf
2021-04-26 10:00,74.4,https://github.com/sahilgupta/sbi-fx-ratekeeper/blob/4cea84491ec53b80a5171463e51e04f667bcb6e5/pdf_files/2021/4/2021-04-26.pdf
2021-04-27 09:00,74.3,https://github.com/sahilgupta/sbi-fx-ratekeeper/blob/4cea84491ec53b80a5171463e51e04f667bcb6e5/pdf_files/2021/4/2021-04-27.pdf
2021-04-28 10:00,74.15,https://github.com/sahilgupta/sbi-fx-ratekeeper/blob/4cea84491ec53b80a5171463e51e04f667bcb6e5/pdf_files/2021/4/2021-04-28.pdf
2021-04-29 10:57,73.7,https://github.com/sahilgupta/sbi-fx-ratekeeper/blob/4cea84491ec53b80a5171463e51e04f667bcb6e5/pdf_files/2021/4/2021-04-29.pdf
2021-04-30 10:00,73.75,https://github.com/sahilgupta/sbi-fx-ratekeeper/blob/4cea84491ec53b80a5171463e51e04f667bcb6e5/pdf_files/2021/4/2021-04-30.pdf
2021-05-03 13:30,73.6,https://github.com/sahilgupta/sbi-fx-ratekeeper/blob/4cea84491ec53b80a5171463e51e04f667bcb6e5/pdf_files/2021/5/2021-05-03.pdf
2021-05-04 10:00,73.52,https://github.com/sahilgupta/sbi-fx-ratekeeper/blob/4cea84491ec53b80a5171463e51e04f667bcb6e5/pdf_files/2021/5/2021-05-04.pdf
2021-05-05 10:00,73.45,https://github.com/sahilgupta/sbi-fx-ratekeeper/blob/4cea84491ec53b80a5171463e51e04f667bcb6e5/pdf_files/2021/5/2021-05-05.pdf
2021-05-07 10:00,73.2,https://github.com/sahilgupta/sbi-fx-ratekeeper/blob/4cea84491ec53b80a5171463e51e04f667bcb6e5/pdf_files/2021/5/2021-05-07.pdf
2021-05-10 10:00,72.93,https://github.com/sahilgupta/sbi-fx-ratekeeper/blob/4cea84491ec53b80a5171463e51e04f667bcb6e5/pdf_files/2021/5/2021-05-10.pdf
2021-05-11 10:00,73.08,https://github.com/sahilgupta/sbi-fx-ratekeeper/blob/4cea84491ec53b80a5171463e51e04f667bcb6e5/pdf_files/2021/5/2021-05-11.pdf
2021-05-12 09:00,73.08,https://github.com/sahilgupta/sbi-fx-ratekeeper/blob/4cea84491ec53b80a5171463e51e04f667bcb6e5/pdf_files/2021/5/2021-05-12.pdf
2021-05-14 10:00,73.04,https://github.com/sahilgupta/sbi-fx-ratekeeper/blob/4cea84491ec53b80a5171463e51e04f667bcb6e5/pdf_files/2021/5/2021-05-14.pdf
2021-05-17 10:00,72.9,https://github.com/sahilgupta/sbi-fx-ratekeeper/blob/4cea84491ec53b80a5171463e51e04f667bcb6e5/pdf_files/2021/5/2021-05-17.pdf
2021-05-18 13:00,72.6,https://github.com/sahilgupta/sbi-fx-ratekeeper/blob/4cea84491ec53b80a5171463e51e04f667bcb6e5/pdf_files/2021/5/2021-05-18.pdf
2021-05-20 10:00,72.78,https://github.com/sahilgupta/sbi-fx-ratekeeper/blob/4cea84491ec53b80a5171463e51e04f667bcb6e5/pdf_files/2021/5/2021-05-20.pdf
2021-05-21 10:00,72.62,https://github.com/sahilgupta/sbi-fx-ratekeeper/blob/4cea84491ec53b80a5171463e51e04f667bcb6e5/pdf_files/2021/5/2021-05-21.pdf
2021-05-24 10:00,72.43,https://github.com/sahilgupta/sbi-fx-ratekeeper/blob/4cea84491ec53b80a5171463e51e04f667bcb6e5/pdf_files/2021/5/2021-05-24.pdf
2021-05-25 10:00,72.45,https://github.com/sahilgupta/sbi-fx-ratekeeper/blob/4cea84491ec53b80a5171463e51e04f667bcb6e5/pdf_files/2021/5/2021-05-25.pdf
2021-05-27 10:00,72.35,https://github.com/sahilgupta/sbi-fx-ratekeeper/blob/4cea84491ec53b80a5171463e51e04f667bcb6e5/pdf_files/2021/5/2021-05-27.pdf
2021-05-28 10:00,72.13,https://github.com/sahilgupta/sbi-fx-ratekeeper/blob/4cea84491ec53b80a5171463e51e04f667bcb6e5/pdf_files/2021/5/2021-05-28.pdf
2021-05-31 10:00,72,https://github.com/sahilgupta/sbi-fx-ratekeeper/blob/4cea84491ec53b80a5171463e51e04f667bcb6e5/pdf_files/2021/5/2021-05-31.pdf
2021-06-02 10:50,72.85,https://github.com/sahilgupta/sbi-fx-ratekeeper/blob/4cea84491ec53b80a5171463e51e04f667bcb6e5/pdf_files/2021/6/2021-06-02.pdf
2021-06-03 10:00,72.67,https://github.com/sahilgupta/sbi-fx-ratekeeper/blob/4cea84491ec53b80a5171463e51e04f667bcb6e5/pdf_files/2021/6/2021-06-03.pdf
2021-06-04 10:00,72.65,https://github.com/sahilgupta/sbi-fx-ratekeeper/blob/4cea84491ec53b80a5171463e51e04f667bcb6e5/pdf_files/2021/6/2021-06-04.pdf
2021-06-07 10:00,72.5,https://github.com/sahilgupta/sbi-fx-ratekeeper/blob/4cea84491ec53b80a5171463e51e04f667bcb6e5/pdf_files/2021/6/2021-06-07.pdf
2021-06-08 10:00,72.4,https://github.com/sahilgupta/sbi-fx-ratekeeper/blob/4cea84491ec53b80a5171463e51e04f667bcb6e5/pdf_files/2021/6/2021-06-08.pdf
2021-06-10 10:00,72.59,https://github.com/sahilgupta/sbi-fx-ratekeeper/blob/4cea84491ec53b80a5171463e51e04f667bcb6e5/pdf_files/2021/6/2021-06-10.pdf
2021-06-11 10:00,72.55,https://github.com/sahilgupta/sbi-fx-ratekeeper/blob/4cea84491ec53b80a5171463e51e04f667bcb6e5/pdf_files/2021/6/2021-06-11.pdf
2021-06-14 10:00,72.84,https://github.com/sahilgupta/sbi-fx-ratekeeper/blob/4cea84491ec53b80a5171463e51e04f667bcb6e5/pdf_files/2021/6/2021-06-14.pdf
2021-06-15 10:00,72.8,https://github.com/sahilgupta/sbi-fx-ratekeeper/blob/4cea84491ec53b80a5171463e51e04f667bcb6e5/pdf_files/2021/6/2021-06-15.pdf
2021-06-17 10:00,73.25,https://github.com/sahilgupta/sbi-fx-ratekeeper/blob/4cea84491ec53b80a5171463e51e04f667bcb6e5/pdf_files/2021/6/2021-06-17.pdf
2021-06-21 10:00,73.85,https://github.com/sahilgupta/sbi-fx-ratekeeper/blob/4cea84491ec53b80a5171463e51e04f667bcb6e5/pdf_files/2021/6/2021-06-21.pdf
2021-06-22 10:00,73.95,https://github.com/sahilgupta/sbi-fx-ratekeeper/blob/4cea84491ec53b80a5171463e51e04f667bcb6e5/pdf_files/2021/6/2021-06-22.pdf
2021-06-23 11:30,73.95,https://github.com/sahilgupta/sbi-fx-ratekeeper/blob/4cea84491ec53b80a5171463e51e04f667bcb6e5/pdf_files/2021/6/2021-06-23.pdf
2021-06-24 10:00,73.85,https://github.com/sahilgupta/sbi-fx-ratekeeper/blob/4cea84491ec53b80a5171463e51e04f667bcb6e5/pdf_files/2021/6/2021-06-24.pdf
2021-06-25 10:00,73.77,https://github.com/sahilgupta/sbi-fx-ratekeeper/blob/4cea84491ec53b80a5171463e51e04f667bcb6e5/pdf_files/2021/6/2021-06-25.pdf
2021-06-28 10:00,73.84,https://github.com/sahilgupta/sbi-fx-ratekeeper/blob/4cea84491ec53b80a5171463e51e04f667bcb6e5/pdf_files/2021/6/2021-06-28.pdf
2021-06-29 10:00,73.85,https://github.com/sahilgupta/sbi-fx-ratekeeper/blob/4cea84491ec53b80a5171463e51e04f667bcb6e5/pdf_files/2021/6/2021-06-29.pdf
2021-06-30 10:00,73.85,https://github.com/sahilgupta/sbi-fx-ratekeeper/blob/4cea84491ec53b80a5171463e51e04f667bcb6e5/pdf_files/2021/6/2021-06-30.pdf
2021-07-01 10:00,74,https://github.com/sahilgupta/sbi-fx-ratekeeper/blob/4cea84491ec53b80a5171463e51e04f667bcb6e5/pdf_files/2021/7/2021-07-01.pdf
2021-07-02 10:00,74.2,https://github.com/sahilgupta/sbi-fx-ratekeeper/blob/4cea84491ec53b80a5171463e51e04f667bcb6e5/pdf_files/2021/7/2021-07-02.pdf
2021-07-05 10:00,74.1,https://github.com/sahilgupta/sbi-fx-ratekeeper/blob/4cea84491ec53b80a5171463e51e04f667bcb6e5/pdf_files/2021/7/2021-07-05.pdf
2021-07-06 10:00,74.15,https://github.com/sahilgupta/sbi-fx-ratekeeper/blob/4cea84491ec53b80a5171463e51e04f667bcb6e5/pdf_files/2021/7/2021-07-06.pdf
2021-07-08 10:00,74.4,https://github.com/sahilgupta/sbi-fx-ratekeeper/blob/4cea84491ec53b80a5171463e51e04f667bcb6e5/pdf_files/2021/7/2021-07-08.pdf
2021-07-12 10:00,74.1,https://github.com/sahilgupta/sbi-fx-ratekeeper/blob/4cea84491ec53b80a5171463e51e04f667bcb6e5/pdf_files/2021/7/2021-07-12.pdf
2021-07-14 10:00,74.15,https://github.com/sahilgupta/sbi-fx-ratekeeper/blob/4cea84491ec53b80a5171463e51e04f667bcb6e5/pdf_files/2021/7/2021-07-14.pdf
2021-07-15 10:00,74.1,https://github.com/sahilgupta/sbi-fx-ratekeeper/blob/4cea84491ec53b80a5171463e51e04f667bcb6e5/pdf_files/2021/7/2021-07-15.pdf
2021-07-19 10:00,74.35,https://github.com/sahilgupta/sbi-fx-ratekeeper/blob/4cea84491ec53b80a5171463e51e04f667bcb6e5/pdf_files/2021/7/2021-07-19.pdf
2021-07-20 10:00,74.5,https://github.com/sahilgupta/sbi-fx-ratekeeper/blob/4cea84491ec53b80a5171463e51e04f667bcb6e5/pdf_files/2021/7/2021-07-20.pdf
2021-07-22 10:00,74.05,https://github.com/sahilgupta/sbi-fx-ratekeeper/blob/4cea84491ec53b80a5171463e51e04f667bcb6e5/pdf_files/2021/7/2021-07-22.pdf
2021-07-23 10:00,74.1,https://github.com/sahilgupta/sbi-fx-ratekeeper/blob/4cea84491ec53b80a5171463e51e04f667bcb6e5/pdf_files/2021/7/2021-07-23.pdf
2021-07-26 10:00,74.08,https://github.com/sahilgupta/sbi-fx-ratekeeper/blob/4cea84491ec53b80a5171463e51e04f667bcb6e5/pdf_files/2021/7/2021-07-26.pdf
2021-08-18 10:00,73.93,https://github.com/sahilgupta/sbi-fx-ratekeeper/blob/4cea84491ec53b80a5171463e51e04f667bcb6e5/pdf_files/2021/8/2021-08-18.pdf
2021-08-20 10:00,73.97,https://github.com/sahilgupta/sbi-fx-ratekeeper/blob/4cea84491ec53b80a5171463e51e04f667bcb6e5/pdf_files/2021/8/2021-08-20.pdf
2021-08-23 10:00,73.87,https://github.com/sahilgupta/sbi-fx-ratekeeper/blob/4cea84491ec53b80a5171463e51e04f667bcb6e5/pdf_files/2021/8/2021-08-23.pdf
2021-08-24 10:00,73.73,https://github.com/sahilgupta/sbi-fx-ratekeeper/blob/4cea84491ec53b80a5171463e51e04f667bcb6e5/pdf_files/2021/8/2021-08-24.pdf
2021-08-25 10:00,73.78,https://github.com/sahilgupta/sbi-fx-ratekeeper/blob/4cea84491ec53b80a5171463e51e04f667bcb6e5/pdf_files/2021/8/2021-08-25.pdf
2021-08-26 10:00,73.82,https://github.com/sahilgupta/sbi-fx-ratekeeper/blob/4cea84491ec53b80a5171463e51e04f667bcb6e5/pdf_files/2021/8/2021-08-26.pdf
2021-08-27 10:00,73.78,https://github.com/sahilgupta/sbi-fx-ratekeeper/blob/4cea84491ec53b80a5171463e51e04f667bcb6e5/pdf_files/2021/8/2021-08-27.pdf
2021-08-31 10:00,72.85,https://github.com/sahilgupta/sbi-fx-ratekeeper/blob/4cea84491ec53b80a5171463e51e04f667bcb6e5/pdf_files/2021/8/2021-08-31.pdf
2021-09-02 10:00,72.64,https://github.com/sahilgupta/sbi-fx-ratekeeper/blob/4cea84491ec53b80a5171463e51e04f667bcb6e5/pdf_files/2021/9/2021-09-02.pdf
2021-09-03 10:00,72.68,https://github.com/sahilgupta/sbi-fx-ratekeeper/blob/4cea84491ec53b80a5171463e51e04f667bcb6e5/pdf_files/2021/9/2021-09-03.pdf
2021-09-09 10:00,73.35,https://github.com/sahilgupta/sbi-fx-ratekeeper/blob/4cea84491ec53b80a5171463e51e04f667bcb6e5/pdf_files/2021/9/2021-09-09.pdf
2021-09-13 10:00,73.22,https://github.com/sahilgupta/sbi-fx-ratekeeper/blob/4cea84491ec53b80a5171463e51e04f667bcb6e5/pdf_files/2021/9/2021-09-13.pdf
2021-09-17 10:00,73.1,https://github.com/sahilgupta/sbi-fx-ratekeeper/blob/4cea84491ec53b80a5171463e51e04f667bcb6e5/pdf_files/2021/9/2021-09-17.pdf
2021-09-20 10:00,73.4,https://github.com/sahilgupta/sbi-fx-ratekeeper/blob/4cea84491ec53b80a5171463e51e04f667bcb6e5/pdf_files/2021/9/2021-09-20.pdf
2021-09-21 10:00,73.2,https://github.com/sahilgupta/sbi-fx-ratekeeper/blob/4cea84491ec53b80a5171463e51e04f667bcb6e5/pdf_files/2021/9/2021-09-21.pdf
2021-09-22 10:00,73.3,https://github.com/sahilgupta/sbi-fx-ratekeeper/blob/4cea84491ec53b80a5171463e51e04f667bcb6e5/pdf_files/2021/9/2021-09-22.pdf
2021-09-23 10:00,73.4,https://github.com/sahilgupta/sbi-fx-ratekeeper/blob/4cea84491ec53b80a5171463e51e04f667bcb6e5/pdf_files/2021/9/2021-09-23.pdf
2021-09-27 10:00,73.32,https://github.com/sahilgupta/sbi-fx-ratekeeper/blob/4cea84491ec53b80a5171463e51e04f667bcb6e5/pdf_files/2021/9/2021-09-27.pdf
2021-09-29 10:00,73.79,https://github.com/sahilgupta/sbi-fx-ratekeeper/blob/4cea84491ec53b80a5171463e51e04f667bcb6e5/pdf_files/2021/9/2021-09-29.pdf
2021-09-30 10:00,73.85,https://github.com/sahilgupta/sbi-fx-ratekeeper/blob/4cea84491ec53b80a5171463e51e04f667bcb6e5/pdf_files/2021/9/2021-09-30.pdf
2021-10-01 10:00,73.9,https://github.com/sahilgupta/sbi-fx-ratekeeper/blob/4cea84491ec53b80a5171463e51e04f667bcb6e5/pdf_files/2021/10/2021-10-01.pdf
2021-10-04 10:00,73.76,https://github.com/sahilgupta/sbi-fx-ratekeeper/blob/4cea84491ec53b80a5171463e51e04f667bcb6e5/pdf_files/2021/10/2021-10-04.pdf
2021-10-05 10:00,74.2,https://github.com/sahilgupta/sbi-fx-ratekeeper/blob/4cea84491ec53b80a5171463e51e04f667bcb6e5/pdf_files/2021/10/2021-10-05.pdf
2021-10-06 10:00,74.18,https://github.com/sahilgupta/sbi-fx-ratekeeper/blob/4cea84491ec53b80a5171463e51e04f667bcb6e5/pdf_files/2021/10/2021-10-06.pdf
2021-10-07 10:00,74.4,https://github.com/sahilgupta/sbi-fx-ratekeeper/blob/4cea84491ec53b80a5171463e51e04f667bcb6e5/pdf_files/2021/10/2021-10-07.pdf
2021-10-08 10:00,74.15,https://github.com/sahilgupta/sbi-fx-ratekeeper/blob/4cea84491ec53b80a5171463e51e04f667bcb6e5/pdf_files/2021/10/2021-10-08.pdf
2021-10-11 10:00,74.9,https://github.com/sahilgupta/sbi-fx-ratekeeper/blob/4cea84491ec53b80a5171463e51e04f667bcb6e5/pdf_files/2021/10/2021-10-11.pdf
2021-10-12 10:00,74.8,https://github.com/sahilgupta/sbi-fx-ratekeeper/blob/4cea84491ec53b80a5171463e51e04f667bcb6e5/pdf_files/2021/10/2021-10-12.pdf
2021-10-13 10:00,74.98,https://github.com/sahilgupta/sbi-fx-ratekeeper/blob/4cea84491ec53b80a5171463e51e04f667bcb6e5/pdf_files/2021/10/2021-10-13.pdf
2021-10-14 10:00,74.88,https://github.com/sahilgupta/sbi-fx-ratekeeper/blob/4cea84491ec53b80a5171463e51e04f667bcb6e5/pdf_files/2021/10/2021-10-14.pdf
2021-10-20 10:00,74.75,https://github.com/sahilgupta/sbi-fx-ratekeeper/blob/4cea84491ec53b80a5171463e51e04f667bcb6e5/pdf_files/2021/10/2021-10-20.pdf
2021-10-21 10:00,74.48,https://github.com/sahilgupta/sbi-fx-ratekeeper/blob/4cea84491ec53b80a5171463e51e04f667bcb6e5/pdf_files/2021/10/2021-10-21.pdf
2021-10-22 10:00,74.45,https://github.com/sahilgupta/sbi-fx-ratekeeper/blob/4cea84491ec53b80a5171463e51e04f667bcb6e5/pdf_files/2021/10/2021-10-22.pdf
2021-10-25 10:00,74.55,https://github.com/sahilgupta/sbi-fx-ratekeeper/blob/4cea84491ec53b80a5171463e51e04f667bcb6e5/pdf_files/2021/10/2021-10-25.pdf
2021-10-26 10:00,74.65,https://github.com/sahilgupta/sbi-fx-ratekeeper/blob/4cea84491ec53b80a5171463e51e04f667bcb6e5/pdf_files/2021/10/2021-10-26.pdf
2021-10-27 10:00,74.6,https://github.com/sahilgupta/sbi-fx-ratekeeper/blob/4cea84491ec53b80a5171463e51e04f667bcb6e5/pdf_files/2021/10/2021-10-27.pdf
2021-10-28 10:00,74.5,https://github.com/sahilgupta/sbi-fx-ratekeeper/blob/4cea84491ec53b80a5171463e51e04f667bcb6e5/pdf_files/2021/10/2021-10-28.pdf
2021-10-29 10:00,74.4,https://github.com/sahilgupta/sbi-fx-ratekeeper/blob/4cea84491ec53b80a5171463e51e04f667bcb6e5/pdf_files/2021/10/2021-10-29.pdf
2021-11-01 10:00,74.55,https://github.com/sahilgupta/sbi-fx-ratekeeper/blob/4cea84491ec53b80a5171463e51e04f667bcb6e5/pdf_files/2021/11/2021-11-01.pdf
2021-11-02 10:00,74.45,https://github.com/sahilgupta/sbi-fx-ratekeeper/blob/4cea84491ec53b80a5171463e51e04f667bcb6e5/pdf_files/2021/11/2021-11-02.pdf
2021-11-03 10:00,74.25,https://github.com/sahilgupta/sbi-fx-ratekeeper/blob/4cea84491ec53b80a5171463e51e04f667bcb6e5/pdf_files/2021/11/2021-11-03.pdf
2021-11-08 10:00,73.65,https://github.com/sahilgupta/sbi-fx-ratekeeper/blob/4cea84491ec53b80a5171463e51e04f667bcb6e5/pdf_files/2021/11/2021-11-08.pdf
2021-11-09 10:00,73.55,https://github.com/sahilgupta/sbi-fx-ratekeeper/blob/4cea84491ec53b80a5171463e51e04f667bcb6e5/pdf_files/2021/11/2021-11-09.pdf
2021-11-10 10:00,73.75,https://github.com/sahilgupta/sbi-fx-ratekeeper/blob/4cea84491ec53b80a5171463e51e04f667bcb6e5/pdf_files/2021/11/2021-11-10.pdf
2021-11-11 10:00,74.05,https://github.com/sahilgupta/sbi-fx-ratekeeper/blob/4cea84491ec53b80a5171463e51e04f667bcb6e5/pdf_files/2021/11/2021-11-11.pdf
2021-11-12 10:00,73.98,https://github.com/sahilgupta/sbi-fx-ratekeeper/blob/4cea84491ec53b80a5171463e51e04f667bcb6e5/pdf_files/2021/11/2021-11-12.pdf
2021-11-15 10:00,73.98,https://github.com/sahilgupta/sbi-fx-ratekeeper/blob/4cea84491ec53b80a5171463e51e04f667bcb6e5/pdf_files/2021/11/2021-11-15.pdf
2021-11-16 10:00,74.05,https://github.com/sahilgupta/sbi-fx-ratekeeper/blob/4cea84491ec53b80a5171463e51e04f667bcb6e5/pdf_files/2021/11/2021-11-16.pdf
2021-11-18 10:00,73.8,https://github.com/sahilgupta/sbi-fx-ratekeeper/blob/4cea84491ec53b80a5171463e51e04f667bcb6e5/pdf_files/2021/11/2021-11-18.pdf
2021-11-22 10:00,73.92,https://github.com/sahilgupta/sbi-fx-ratekeeper/blob/4cea84491ec53b80a5171463e51e04f667bcb6e5/pdf_files/2021/11/2021-11-22.pdf
2021-11-24 10:00,74.12,https://github.com/sahilgupta/sbi-fx-ratekeeper/blob/4cea84491ec53b80a5171463e51e04f667bcb6e5/pdf_files/2021/11/2021-11-24.pdf
2021-11-26 10:00,74.2,https://github.com/sahilgupta/sbi-fx-ratekeeper/blob/4cea84491ec53b80a5171463e51e04f667bcb6e5/pdf_files/2021/11/2021-11-26.pdf
2021-11-29 10:00,74.5,https://github.com/sahilgupta/sbi-fx-ratekeeper/blob/4cea84491ec53b80a5171463e51e04f667bcb6e5/pdf_files/2021/11/2021-11-29.pdf
2021-12-01 10:00,74.58,https://github.com/sahilgupta/sbi-fx-ratekeeper/blob/4cea84491ec53b80a5171463e51e04f667bcb6e5/pdf_files/2021/12/2021-12-01.pdf
2021-12-03 10:00,74.6,https://github.com/sahilgupta/sbi-fx-ratekeeper/blob/4cea84491ec53b80a5171463e51e04f667bcb6e5/pdf_files/2021/12/2021-12-03.pdf
2021-12-06 10:00,74.8,https://github.com/sahilgupta/sbi-fx-ratekeeper/blob/4cea84491ec53b80a5171463e51e04f667bcb6e5/pdf_files/2021/12/2021-12-06.pdf
2021-12-07 10:00,74.92,https://github.com/sahilgupta/sbi-fx-ratekeeper/blob/4cea84491ec53b80a5171463e51e04f667bcb6e5/pdf_files/2021/12/2021-12-07.pdf
2021-12-08 10:00,74.95,https://github.com/sahilgupta/sbi-fx-ratekeeper/blob/4cea84491ec53b80a5171463e51e04f667bcb6e5/pdf_files/2021/12/2021-12-08.pdf
2021-12-09 10:00,75.05,https://github.com/sahilgupta/sbi-fx-ratekeeper/blob/4cea84491ec53b80a5171463e51e04f667bcb6e5/pdf_files/2021/12/2021-12-09.pdf
2021-12-10 10:00,75.2,https://github.com/sahilgupta/sbi-fx-ratekeeper/blob/4cea84491ec53b80a5171463e51e04f667bcb6e5/pdf_files/2021/12/2021-12-10.pdf
2021-12-14 10:00,75.45,https://github.com/sahilgupta/sbi-fx-ratekeeper/blob/4cea84491ec53b80a5171463e51e04f667bcb6e5/pdf_files/2021/12/2021-12-14.pdf
2021-12-16 10:00,75.85,https://github.com/sahilgupta/sbi-fx-ratekeeper/blob/4cea84491ec53b80a5171463e51e04f667bcb6e5/pdf_files/2021/12/2021-12-16.pdf
2021-12-17 10:00,75.79,https://github.com/sahilgupta/sbi-fx-ratekeeper/blob/4cea84491ec53b80a5171463e51e04f667bcb6e5/pdf_files/2021/12/2021-12-17.pdf
2021-12-20 10:00,75.71,https://github.com/sahilgupta/sbi-fx-ratekeeper/blob/4cea84491ec53b80a5171463e51e04f667bcb6e5/pdf_files/2021/12/2021-12-20.pdf
2021-12-21 10:00,75.35,https://github.com/sahilgupta/sbi-fx-ratekeeper/blob/4cea84491ec53b80a5171463e51e04f667bcb6e5/pdf_files/2021/12/2021-12-21.pdf
2021-12-22 10:00,75.15,https://github.com/sahilgupta/sbi-fx-ratekeeper/blob/4cea84491ec53b80a5171463e51e04f667bcb6e5/pdf_files/2021/12/2021-12-22.pdf
2021-12-23 10:00,75.05,https://github.com/sahilgupta/sbi-fx-ratekeeper/blob/4cea84491ec53b80a5171463e51e04f667bcb6e5/pdf_files/2021/12/2021-12-23.pdf
2021-12-24 10:00,74.72,https://github.com/sahilgupta/sbi-fx-ratekeeper/blob/4cea84491ec53b80a5171463e51e04f667bcb6e5/pdf_files/2021/12/2021-12-24.pdf
2021-12-27 10:00,74.72,https://github.com/sahilgupta/sbi-fx-ratekeeper/blob/4cea84491ec53b80a5171463e51e04f667bcb6e5/pdf_files/2021/12/2021-12-27.pdf
2021-12-29 10:00,74.35,https://github.com/sahilgupta/sbi-fx-ratekeeper/blob/4cea84491ec53b80a5171463e51e04f667bcb6e5/pdf_files/2021/12/2021-12-29.pdf
2021-12-30 10:00,74.15,https://github.com/sahilgupta/sbi-fx-ratekeeper/blob/4cea84491ec53b80a5171463e51e04f667bcb6e5/pdf_files/2021/12/2021-12-30.pdf
2021-12-31 10:00,74.05,https://github.com/sahilgupta/sbi-fx-ratekeeper/blob/4cea84491ec53b80a5171463e51e04f667bcb6e5/pdf_files/2021/12/2021-12-31.pdf
2022-01-03 10:00,73.99,https://github.com/sahilgupta/sbi-fx-ratekeeper/blob/4cea84491ec53b80a5171463e51e04f667bcb6e5/pdf_files/2022/1/2022-01-03.pdf
2022-01-05 10:00,74.18,https://github.com/sahilgupta/sbi-fx-ratekeeper/blob/4cea84491ec53b80a5171463e51e04f667bcb6e5/pdf_files/2022/1/2022-01-05.pdf
2022-01-06 10:00,74.08,https://github.com/sahilgupta/sbi-fx-ratekeeper/blob/4cea84491ec53b80a5171463e51e04f667bcb6e5/pdf_files/2022/1/2022-01-06.pdf
2022-01-07 10:00,74,https://github.com/sahilgupta/sbi-fx-ratekeeper/blob/4cea84491ec53b80a5171463e51e04f667bcb6e5/pdf_files/2022/1/2022-01-07.pdf
2022-01-10 10:00,73.76,https://github.com/sahilgupta/sbi-fx-ratekeeper/blob/4cea84491ec53b80a5171463e51e04f667bcb6e5/pdf_files/2022/1/2022-01-10.pdf
2022-01-11 10:00,73.55,https://github.com/sahilgupta/sbi-fx-ratekeeper/blob/4cea84491ec53b80a5171463e51e04f667bcb6e5/pdf_files/2022/1/2022-01-11.pdf
2022-01-12 10:00,73.38,https://github.com/sahilgupta/sbi-fx-ratekeeper/blob/4cea84491ec53b80a5171463e51e04f667bcb6e5/pdf_files/2022/1/2022-01-12.pdf
2022-01-13 10:00,73.5,https://github.com/sahilgupta/sbi-fx-ratekeeper/blob/4cea84491ec53b80a5171463e51e04f667bcb6e5/pdf_files/2022/1/2022-01-13.pdf
2022-01-14 10:00,73.6,https://github.com/sahilgupta/sbi-fx-ratekeeper/blob/4cea84491ec53b80a5171463e51e04f667bcb6e5/pdf_files/2022/1/2022-01-14.pdf
2022-01-17 10:00,73.78,https://github.com/sahilgupta/sbi-fx-ratekeeper/blob/4cea84491ec53b80a5171463e51e04f667bcb6e5/pdf_files/2022/1/2022-01-17.pdf
2022-01-18 10:00,73.95,https://github.com/sahilgupta/sbi-fx-ratekeeper/blob/4cea84491ec53b80a5171463e51e04f667bcb6e5/pdf_files/2022/1/2022-01-18.pdf
2022-01-19 10:00,74.25,https://github.com/sahilgupta/sbi-fx-ratekeeper/blob/4cea84491ec53b80a5171463e51e04f667bcb6e5/pdf_files/2022/1/2022-01-19.pdf
2022-01-21 10:00,74.12,https://github.com/sahilgupta/sbi-fx-ratekeeper/blob/4cea84491ec53b80a5171463e51e04f667bcb6e5/pdf_files/2022/1/2022-01-21.pdf
2022-01-24 10:00,74,https://github.com/sahilgupta/sbi-fx-ratekeeper/blob/4cea84491ec53b80a5171463e51e04f667bcb6e5/pdf_files/2022/1/2022-01-24.pdf
2022-01-25 10:00,74.22,https://github.com/sahilgupta/sbi-fx-ratekeeper/blob/4cea84491ec53b80a5171463e51e04f667bcb6e5/pdf_files/2022/1/2022-01-25.pdf
2022-01-31 10:00,74.3,https://github.com/sahilgupta/sbi-fx-ratekeeper/blob/4cea84491ec53b80a5171463e51e04f667bcb6e5/pdf_files/2022/1/2022-01-31.pdf
2022-02-01 10:00,74.2,https://github.com/sahilgupta/sbi-fx-ratekeeper/blob/4cea84491ec53b80a5171463e51e04f667bcb6e5/pdf_files/2022/2/2022-02-01.pdf
2022-02-03 10:00,74.45,https://github.com/sahilgupta/sbi-fx-ratekeeper/blob/4cea84491ec53b80a5171463e51e04f667bcb6e5/pdf_files/2022/2/2022-02-03.pdf
2022-02-04 10:00,74.32,https://github.com/sahilgupta/sbi-fx-ratekeeper/blob/4cea84491ec53b80a5171463e51e04f667bcb6e5/pdf_files/2022/2/2022-02-04.pdf
2022-02-07 10:00,74.3,https://github.com/sahilgupta/sbi-fx-ratekeeper/blob/4cea84491ec53b80a5171463e51e04f667bcb6e5/pdf_files/2022/2/2022-02-07.pdf
2022-02-09 10:00,74.3,https://github.com/sahilgupta/sbi-fx-ratekeeper/blob/4cea84491ec53b80a5171463e51e04f667bcb6e5/pdf_files/2022/2/2022-02-09.pdf
2022-02-10 10:00,74.47,https://github.com/sahilgupta/sbi-fx-ratekeeper/blob/4cea84491ec53b80a5171463e51e04f667bcb6e5/pdf_files/2022/2/2022-02-10.pdf
2022-02-11 10:00,75.05,https://github.com/sahilgupta/sbi-fx-ratekeeper/blob/4cea84491ec53b80a5171463e51e04f667bcb6e5/pdf_files/2022/2/2022-02-11.pdf
2022-02-14 10:00,75.15,https://github.com/sahilgupta/sbi-fx-ratekeeper/blob/4cea84491ec53b80a5171463e51e04f667bcb6e5/pdf_files/2022/2/2022-02-14.pdf
2022-02-15 10:00,75.2,https://github.com/sahilgupta/sbi-fx-ratekeeper/blob/4cea84491ec53b80a5171463e51e04f667bcb6e5/pdf_files/2022/2/2022-02-15.pdf
2022-02-17 10:00,74.75,https://github.com/sahilgupta/sbi-fx-ratekeeper/blob/4cea84491ec53b80a5171463e51e04f667bcb6e5/pdf_files/2022/2/2022-02-17.pdf
2022-02-18 10:00,74.7,https://github.com/sahilgupta/sbi-fx-ratekeeper/blob/4cea84491ec53b80a5171463e51e04f667bcb6e5/pdf_files/2022/2/2022-02-18.pdf
2022-02-21 10:00,74.15,https://github.com/sahilgupta/sbi-fx-ratekeeper/blob/4cea84491ec53b80a5171463e51e04f667bcb6e5/pdf_files/2022/2/2022-02-21.pdf
2022-02-22 10:00,74.35,https://github.com/sahilgupta/sbi-fx-ratekeeper/blob/4cea84491ec53b80a5171463e51e04f667bcb6e5/pdf_files/2022/2/2022-02-22.pdf
2022-02-23 10:00,74.25,https://github.com/sahilgupta/sbi-fx-ratekeeper/blob/4cea84491ec53b80a5171463e51e04f667bcb6e5/pdf_files/2022/2/2022-02-23.pdf
2022-02-24 10:00,74.95,https://github.com/sahilgupta/sbi-fx-ratekeeper/blob/4cea84491ec53b80a5171463e51e04f667bcb6e5/pdf_files/2022/2/2022-02-24.pdf
2022-02-25 10:00,74.52,https://github.com/sahilgupta/sbi-fx-ratekeeper/blob/4cea84491ec53b80a5171463e51e04f667bcb6e5/pdf_files/2022/2/2022-02-25.pdf
2022-02-28 10:00,74.95,https://github.com/sahilgupta/sbi-fx-ratekeeper/blob/4cea84491ec53b80a5171463e51e04f667bcb6e5/pdf_files/2022/2/2022-02-28.pdf
2022-03-02 10:00,75.4,https://github.com/sahilgupta/sbi-fx-ratekeeper/blob/4cea84491ec53b80a5171463e51e04f667bcb6e5/pdf_files/2022/3/2022-03-02.pdf
2022-03-03 10:00,75.35,https://github.com/sahilgupta/sbi-fx-ratekeeper/blob/4cea84491ec53b80a5171463e51e04f667bcb6e5/pdf_files/2022/3/2022-03-03.pdf
2022-03-04 10:00,75.65,https://github.com/sahilgupta/sbi-fx-ratekeeper/blob/4cea84491ec53b80a5171463e51e04f667bcb6e5/pdf_files/2022/3/2022-03-04.pdf
2022-03-07 10:00,76.56,https://github.com/sahilgupta/sbi-fx-ratekeeper/blob/4cea84491ec53b80a5171463e51e04f667bcb6e5/pdf_files/2022/3/2022-03-07.pdf
2022-03-08 10:00,76.45,https://github.com/sahilgupta/sbi-fx-ratekeeper/blob/4cea84491ec53b80a5171463e51e04f667bcb6e5/pdf_files/2022/3/2022-03-08.pdf
2022-03-09 10:00,76.5,https://github.com/sahilgupta/sbi-fx-ratekeeper/blob/4cea84491ec53b80a5171463e51e04f667bcb6e5/pdf_files/2022/3/2022-03-09.pdf
2022-03-10 10:00,75.9,https://github.com/sahilgupta/sbi-fx-ratekeeper/blob/4cea84491ec53b80a5171463e51e04f667bcb6e5/pdf_files/2022/3/2022-03-10.pdf
2022-03-11 10:00,76.2,https://github.com/sahilgupta/sbi-fx-ratekeeper/blob/4cea84491ec53b80a5171463e51e04f667bcb6e5/pdf_files/2022/3/2022-03-11.pdf
2022-03-14 10:00,76.25,https://github.com/sahilgupta/sbi-fx-ratekeeper/blob/4cea84491ec53b80a5171463e51e04f667bcb6e5/pdf_files/2022/3/2022-03-14.pdf
2022-03-15 10:00,76,https://github.com/sahilgupta/sbi-fx-ratekeeper/blob/4cea84491ec53b80a5171463e51e04f667bcb6e5/pdf_files/2022/3/2022-03-15.pdf
2022-03-16 10:00,76,https://github.com/sahilgupta/sbi-fx-ratekeeper/blob/4cea84491ec53b80a5171463e51e04f667bcb6e5/pdf_files/2022/3/2022-03-16.pdf
2022-03-17 10:00,75.6,https://github.com/sahilgupta/sbi-fx-ratekeeper/blob/4cea84491ec53b80a5171463e51e04f667bcb6e5/pdf_files/2022/3/2022-03-17.pdf
2022-03-21 10:00,75.68,https://github.com/sahilgupta/sbi-fx-ratekeeper/blob/4cea84491ec53b80a5171463e51e04f667bcb6e5/pdf_files/2022/3/2022-03-21.pdf
2022-03-22 14:00,75.8,https://github.com/sahilgupta/sbi-fx-ratekeeper/blob/4cea84491ec53b80a5171463e51e04f667bcb6e5/pdf_files/2022/3/2022-03-22.pdf
2022-03-23 10:00,75.62,https://github.com/sahilgupta/sbi-fx-ratekeeper/blob/4cea84491ec53b80a5171463e51e04f667bcb6e5/pdf_files/2022/3/2022-03-23.pdf
2022-03-24 10:00,75.98,https://github.com/sahilgupta/sbi-fx-ratekeeper/blob/4cea84491ec53b80a5171463e51e04f667bcb6e5/pdf_files/2022/3/2022-03-24.pdf
2022-03-25 10:00,75.8,https://github.com/sahilgupta/sbi-fx-ratekeeper/blob/4cea84491ec53b80a5171463e51e04f667bcb6e5/pdf_files/2022/3/2022-03-25.pdf
2022-03-28 14:00,75.8,https://github.com/sahilgupta/sbi-fx-ratekeeper/blob/4cea84491ec53b80a5171463e51e04f667bcb6e5/pdf_files/2022/3/2022-03-28.pdf
2022-03-29 10:00,75.58,https://github.com/sahilgupta/sbi-fx-ratekeeper/blob/4cea84491ec53b80a5171463e51e04f667bcb6e5/pdf_files/2022/3/2022-03-29.pdf
2022-03-30 10:00,75.23,https://github.com/sahilgupta/sbi-fx-ratekeeper/blob/4cea84491ec53b80a5171463e51e04f667bcb6e5/pdf_files/2022/3/2022-03-30.pdf
2022-03-31 10:00,75.32,https://github.com/sahilgupta/sbi-fx-ratekeeper/blob/4cea84491ec53b80a5171463e51e04f667bcb6e5/pdf_files/2022/3/2022-03-31.pdf
2022-04-04 10:00,75.2,https://github.com/sahilgupta/sbi-fx-ratekeeper/blob/4cea84491ec53b80a5171463e51e04f667bcb6e5/pdf_files/2022/4/2022-04-04.pdf
2022-04-05 10:00,75.1,https://github.com/sahilgupta/sbi-fx-ratekeeper/blob/4cea84491ec53b80a5171463e51e04f667bcb6e5/pdf_files/2022/4/2022-04-05.pdf
2022-04-06 10:00,75.1,https://github.com/sahilgupta/sbi-fx-ratekeeper/blob/4cea84491ec53b80a5171463e51e04f667bcb6e5/pdf_files/2022/4/2022-04-06.pdf
2022-04-07 10:00,75.51,https://github.com/sahilgupta/sbi-fx-ratekeeper/blob/4cea84491ec53b80a5171463e51e04f667bcb6e5/pdf_files/2022/4/2022-04-07.pdf
2022-04-08 10:00,75.5,https://github.com/sahilgupta/sbi-fx-ratekeeper/blob/4cea84491ec53b80a5171463e51e04f667bcb6e5/pdf_files/2022/4/2022-04-08.pdf
2022-04-11 10:00,75.55,https://github.com/sahilgupta/sbi-fx-ratekeeper/blob/4cea84491ec53b80a5171463e51e04f667bcb6e5/pdf_files/2022/4/2022-04-11.pdf
2022-04-12 10:00,75.65,https://github.com/sahilgupta/sbi-fx-ratekeeper/blob/4cea84491ec53b80a5171463e51e04f667bcb6e5/pdf_files/2022/4/2022-04-12.pdf
2022-04-13 10:00,75.77,https://github.com/sahilgupta/sbi-fx-ratekeeper/blob/4cea84491ec53b80a5171463e51e04f667bcb6e5/pdf_files/2022/4/2022-04-13.pdf
2022-04-18 10:00,76,https://github.com/sahilgupta/sbi-fx-ratekeeper/blob/4cea84491ec53b80a5171463e51e04f667bcb6e5/pdf_files/2022/4/2022-04-18.pdf
2022-04-19 10:00,75.9,https://github.com/sahilgupta/sbi-fx-ratekeeper/blob/4cea84491ec53b80a5171463e51e04f667bcb6e5/pdf_files/2022/4/2022-04-19.pdf
2022-04-21 10:00,75.85,https://github.com/sahilgupta/sbi-fx-ratekeeper/blob/4cea84491ec53b80a5171463e51e04f667bcb6e5/pdf_files/2022/4/2022-04-21.pdf
2022-04-22 10:00,75.9,https://github.com/sahilgupta/sbi-fx-ratekeeper/blob/4cea84491ec53b80a5171463e51e04f667bcb6e5/pdf_files/2022/4/2022-04-22.pdf
2022-04-25 10:00,76.2,https://github.com/sahilgupta/sbi-fx-ratekeeper/blob/4cea84491ec53b80a5171463e51e04f667bcb6e5/pdf_files/2022/4/2022-04-25.pdf
2022-04-26 10:00,76.25,https://github.com/sahilgupta/sbi-fx-ratekeeper/blob/4cea84491ec53b80a5171463e51e04f667bcb6e5/pdf_files/2022/4/2022-04-26.pdf
2022-04-27 10:00,76.25,https://github.com/sahilgupta/sbi-fx-ratekeeper/blob/4cea84491ec53b80a5171463e51e04f667bcb6e5/pdf_files/2022/4/2022-04-27.pdf
2022-04-28 10:00,76.2,https://github.com/sahilgupta/sbi-fx-ratekeeper/blob/4cea84491ec53b80a5171463e51e04f667bcb6e5/pdf_files/2022/4/2022-04-28.pdf
2022-04-29 10:00,76,https://github.com/sahilgupta/sbi-fx-ratekeeper/blob/4cea84491ec53b80a5171463e51e04f667bcb6e5/pdf_files/2022/4/2022-04-29.pdf
2022-05-04 09:30,76.05,https://github.com/sahilgupta/sbi-fx-ratekeeper/blob/4cea84491ec53b80a5171463e51e04f667bcb6e5/pdf_files/2022/5/2022-05-04.pdf
2022-05-05 09:30,75.75,https://github.com/sahilgupta/sbi-fx-ratekeeper/blob/4cea84491ec53b80a5171463e51e04f667bcb6e5/pdf_files/2022/5/2022-05-05.pdf
2022-05-06 09:30,76.23,https://github.com/sahilgupta/sbi-fx-ratekeeper/blob/4cea84491ec53b80a5171463e51e04f667bcb6e5/pdf_files/2022/5/2022-05-06.pdf
2022-05-09 09:30,77,https://github.com/sahilgupta/sbi-fx-ratekeeper/blob/4cea84491ec53b80a5171463e51e04f667bcb6e5/pdf_files/2022/5/2022-05-09.pdf
2022-05-11 09:30,76.8,https://github.com/sahilgupta/sbi-fx-ratekeeper/blob/4cea84491ec53b80a5171463e51e04f667bcb6e5/pdf_files/2022/5/2022-05-11.pdf
2022-05-12 09:30,77.1,https://github.com/sahilgupta/sbi-fx-ratekeeper/blob/4cea84491ec53b80a5171463e51e04f667bcb6e5/pdf_files/2022/5/2022-05-12.pdf
2022-05-13 09:30,76.95,https://github.com/sahilgupta/sbi-fx-ratekeeper/blob/4cea84491ec53b80a5171463e51e04f667bcb6e5/pdf_files/2022/5/2022-05-13.pdf
2022-05-17 16:40,77.2,https://github.com/sahilgupta/sbi-fx-ratekeeper/blob/4cea84491ec53b80a5171463e51e04f667bcb6e5/pdf_files/2022/5/2022-05-17.pdf
2022-05-18 09:30,77.17,https://github.com/sahilgupta/sbi-fx-ratekeeper/blob/4cea84491ec53b80a5171463e51e04f667bcb6e5/pdf_files/2022/5/2022-05-18.pdf
2022-05-19 10:00,77.3,https://github.com/sahilgupta/sbi-fx-ratekeeper/blob/4cea84491ec53b80a5171463e51e04f667bcb6e5/pdf_files/2022/5/2022-05-19.pdf
2022-05-20 10:00,77.1,https://github.com/sahilgupta/sbi-fx-ratekeeper/blob/4cea84491ec53b80a5171463e51e04f667bcb6e5/pdf_files/2022/5/2022-05-20.pdf
2022-05-23 15:00,77.2,https://github.com/sahilgupta/sbi-fx-ratekeeper/blob/4cea84491ec53b80a5171463e51e04f667bcb6e5/pdf_files/2022/5/2022-05-23.pdf
2022-05-24 12:30,77.15,https://github.com/sahilgupta/sbi-fx-ratekeeper/blob/4cea84491ec53b80a5171463e51e04f667bcb6e5/pdf_files/2022/5/2022-05-24.pdf
2022-05-25 15:00,77.15,https://github.com/sahilgupta/sbi-fx-ratekeeper/blob/4cea84491ec53b80a5171463e51e04f667bcb6e5/pdf_files/2022/5/2022-05-25.pdf
2022-05-26 09:30,77.15,https://github.com/sahilgupta/sbi-fx-ratekeeper/blob/4cea84491ec53b80a5171463e51e04f667bcb6e5/pdf_files/2022/5/2022-05-26.pdf
2022-05-27 16:00,77.2,https://github.com/sahilgupta/sbi-fx-ratekeeper/blob/4cea84491ec53b80a5171463e51e04f667bcb6e5/pdf_files/2022/5/2022-05-27.pdf
2022-05-30 09:30,77.13,https://github.com/sahilgupta/sbi-fx-ratekeeper/blob/4cea84491ec53b80a5171463e51e04f667bcb6e5/pdf_files/2022/5/2022-05-30.pdf
2022-05-31 16:50,77.25,https://github.com/sahilgupta/sbi-fx-ratekeeper/blob/4cea84491ec53b80a5171463e51e04f667bcb6e5/pdf_files/2022/5/2022-05-31.pdf
2022-06-02 09:30,77.2,https://github.com/sahilgupta/sbi-fx-ratekeeper/blob/4cea84491ec53b80a5171463e51e04f667bcb6e5/pdf_files/2022/6/2022-06-02.pdf
2022-06-03 09:30,77.05,https://github.com/sahilgupta/sbi-fx-ratekeeper/blob/4cea84491ec53b80a5171463e51e04f667bcb6e5/pdf_files/2022/6/2022-06-03.pdf
2022-06-06 09:30,77.25,https://github.com/sahilgupta/sbi-fx-ratekeeper/blob/4cea84491ec53b80a5171463e51e04f667bcb6e5/pdf_files/2022/6/2022-06-06.pdf
2022-06-07 12:15,77.33,https://github.com/sahilgupta/sbi-fx-ratekeeper/blob/4cea84491ec53b80a5171463e51e04f667bcb6e5/pdf_files/2022/6/2022-06-07.pdf
2022-06-08 12:15,77.3,https://github.com/sahilgupta/sbi-fx-ratekeeper/blob/4cea84491ec53b80a5171463e51e04f667bcb6e5/pdf_files/2022/6/2022-06-08.pdf
2022-06-09 09:30,77.35,https://github.com/sahilgupta/sbi-fx-ratekeeper/blob/4cea84491ec53b80a5171463e51e04f667bcb6e5/pdf_files/2022/6/2022-06-09.pdf
2022-06-10 09:30,77.4,https://github.com/sahilgupta/sbi-fx-ratekeeper/blob/4cea84491ec53b80a5171463e51e04f667bcb6e5/pdf_files/2022/6/2022-06-10.pdf
2022-06-13 09:30,77.78,https://github.com/sahilgupta/sbi-fx-ratekeeper/blob/4cea84491ec53b80a5171463e51e04f667bcb6e5/pdf_files/2022/6/2022-06-13.pdf
2022-06-14 09:30,77.61,https://github.com/sahilgupta/sbi-fx-ratekeeper/blob/4cea84491ec53b80a5171463e51e04f667bcb6e5/pdf_files/2022/6/2022-06-14.pdf
2022-06-15 09:30,77.6,https://github.com/sahilgupta/sbi-fx-ratekeeper/blob/4cea84491ec53b80a5171463e51e04f667bcb6e5/pdf_files/2022/6/2022-06-15.pdf
2022-06-16 09:30,77.65,https://github.com/sahilgupta/sbi-fx-ratekeeper/blob/4cea84491ec53b80a5171463e51e04f667bcb6e5/pdf_files/2022/6/2022-06-16.pdf
2022-06-17 09:30,77.65,https://github.com/sahilgupta/sbi-fx-ratekeeper/blob/4cea84491ec53b80a5171463e51e04f667bcb6e5/pdf_files/2022/6/2022-06-17.pdf
2022-06-20 09:30,77.58,https://github.com/sahilgupta/sbi-fx-ratekeeper/blob/4cea84491ec53b80a5171463e51e04f667bcb6e5/pdf_files/2022/6/2022-06-20.pdf
2022-06-21 09:30,77.6,https://github.com/sahilgupta/sbi-fx-ratekeeper/blob/4cea84491ec53b80a5171463e51e04f667bcb6e5/pdf_files/2022/6/2022-06-21.pdf
2022-06-22 09:30,77.72,https://github.com/sahilgupta/sbi-fx-ratekeeper/blob/4cea84491ec53b80a5171463e51e04f667bcb6e5/pdf_files/2022/6/2022-06-22.pdf
2022-06-23 09:30,77.85,https://github.com/sahilgupta/sbi-fx-ratekeeper/blob/4cea84491ec53b80a5171463e51e04f667bcb6e5/pdf_files/2022/6/2022-06-23.pdf
2022-06-24 09:30,77.83,https://github.com/sahilgupta/sbi-fx-ratekeeper/blob/4cea84491ec53b80a5171463e51e04f667bcb6e5/pdf_files/2022/6/2022-06-24.pdf
2022-06-27 09:30,77.83,https://github.com/sahilgupta/sbi-fx-ratekeeper/blob/4cea84491ec53b80a5171463e51e04f667bcb6e5/pdf_files/2022/6/2022-06-27.pdf
2022-06-28 12:00,78.25,https://github.com/sahilgupta/sbi-fx-ratekeeper/blob/4cea84491ec53b80a5171463e51e04f667bcb6e5/pdf_files/2022/6/2022-06-28.pdf
2022-06-29 09:30,78.45,https://github.com/sahilgupta/sbi-fx-ratekeeper/blob/4cea84491ec53b80a5171463e51e04f667bcb6e5/pdf_files/2022/6/2022-06-29.pdf
2022-06-30 09:30,78.5,https://github.com/sahilgupta/sbi-fx-ratekeeper/blob/4cea84491ec53b80a5171463e51e04f667bcb6e5/pdf_files/2022/6/2022-06-30.pdf
2022-07-01 09:30,78.6,https://github.com/sahilgupta/sbi-fx-ratekeeper/blob/4cea84491ec53b80a5171463e51e04f667bcb6e5/pdf_files/2022/7/2022-07-01.pdf
2022-07-04 09:30,78.55,https://github.com/sahilgupta/sbi-fx-ratekeeper/blob/4cea84491ec53b80a5171463e51e04f667bcb6e5/pdf_files/2022/7/2022-07-04.pdf
2022-07-05 09:30,78.6,https://github.com/sahilgupta/sbi-fx-ratekeeper/blob/4cea84491ec53b80a5171463e51e04f667bcb6e5/pdf_files/2022/7/2022-07-05.pdf
2022-07-06 09:30,78.85,https://github.com/sahilgupta/sbi-fx-ratekeeper/blob/4cea84491ec53b80a5171463e51e04f667bcb6e5/pdf_files/2022/7/2022-07-06.pdf
2022-07-07 09:30,78.8,https://github.com/sahilgupta/sbi-fx-ratekeeper/blob/4cea84491ec53b80a5171463e51e04f667bcb6e5/pdf_files/2022/7/2022-07-07.pdf
2022-07-08 09:30,78.9,https://github.com/sahilgupta/sbi-fx-ratekeeper/blob/4cea84491ec53b80a5171463e51e04f667bcb6e5/pdf_files/2022/7/2022-07-08.pdf
2022-07-11 09:30,78.9,https://github.com/sahilgupta/sbi-fx-ratekeeper/blob/4cea84491ec53b80a5171463e51e04f667bcb6e5/pdf_files/2022/7/2022-07-11.pdf
2022-07-12 09:30,79.15,https://github.com/sahilgupta/sbi-fx-ratekeeper/blob/4cea84491ec53b80a5171463e51e04f667bcb6e5/pdf_files/2022/7/2022-07-12.pdf
2022-07-13 09:30,79.15,https://github.com/sahilgupta/sbi-fx-ratekeeper/blob/4cea84491ec53b80a5171463e51e04f667bcb6e5/pdf_files/2022/7/2022-07-13.pdf
2022-07-14 09:30,79.35,https://github.com/sahilgupta/sbi-fx-ratekeeper/blob/4cea84491ec53b80a5171463e51e04f667bcb6e5/pdf_files/2022/7/2022-07-14.pdf
2022-07-15 09:30,79.55,https://github.com/sahilgupta/sbi-fx-ratekeeper/blob/4cea84491ec53b80a5171463e51e04f667bcb6e5/pdf_files/2022/7/2022-07-15.pdf
2022-07-18 09:30,79.4,https://github.com/sahilgupta/sbi-fx-ratekeeper/blob/4cea84491ec53b80a5171463e51e04f667bcb6e5/pdf_files/2022/7/2022-07-18.pdf
2022-07-19 13:30,79.55,https://github.com/sahilgupta/sbi-fx-ratekeeper/blob/4cea84491ec53b80a5171463e51e04f667bcb6e5/pdf_files/2022/7/2022-07-19.pdf
2022-07-20 09:30,79.54,https://github.com/sahilgupta/sbi-fx-ratekeeper/blob/4cea84491ec53b80a5171463e51e04f667bcb6e5/pdf_files/2022/7/2022-07-20.pdf
2022-07-21 09:30,79.61,https://github.com/sahilgupta/sbi-fx-ratekeeper/blob/4cea84491ec53b80a5171463e51e04f667bcb6e5/pdf_files/2022/7/2022-07-21.pdf
2022-07-22 09:30,79.48,https://github.com/sahilgupta/sbi-fx-ratekeeper/blob/4cea84491ec53b80a5171463e51e04f667bcb6e5/pdf_files/2022/7/2022-07-22.pdf
2022-07-25 09:30,79.45,https://github.com/sahilgupta/sbi-fx-ratekeeper/blob/4cea84491ec53b80a5171463e51e04f667bcb6e5/pdf_files/2022/7/2022-07-25.pdf
2022-07-26 09:30,79.33,https://github.com/sahilgupta/sbi-fx-ratekeeper/blob/4cea84491ec53b80a5171463e51e04f667bcb6e5/pdf_files/2022/7/2022-07-26.pdf
2022-07-27 09:05,79.42,https://github.com/sahilgupta/sbi-fx-ratekeeper/blob/4cea84491ec53b80a5171463e51e04f667bcb6e5/pdf_files/2022/7/2022-07-27.pdf
2022-07-29 13:20,78.85,https://github.com/sahilgupta/sbi-fx-ratekeeper/blob/4cea84491ec53b80a5171463e51e04f667bcb6e5/pdf_files/2022/7/2022-07-29.pdf
2022-08-02 09:30,78.25,https://github.com/sahilgupta/sbi-fx-ratekeeper/blob/4cea84491ec53b80a5171463e51e04f667bcb6e5/pdf_files/2022/8/2022-08-02.pdf
2022-08-03 09:30,78.55,https://github.com/sahilgupta/sbi-fx-ratekeeper/blob/4cea84491ec53b80a5171463e51e04f667bcb6e5/pdf_files/2022/8/2022-08-03.pdf
2022-08-04 13:00,79.25,https://github.com/sahilgupta/sbi-fx-ratekeeper/blob/4cea84491ec53b80a5171463e51e04f667bcb6e5/pdf_files/2022/8/2022-08-04.pdf
2022-08-05 09:30,78.85,https://github.com/sahilgupta/sbi-fx-ratekeeper/blob/4cea84491ec53b80a5171463e51e04f667bcb6e5/pdf_files/2022/8/2022-08-05.pdf
2022-08-10 09:30,79.18,https://github.com/sahilgupta/sbi-fx-ratekeeper/blob/4cea84491ec53b80a5171463e51e04f667bcb6e5/pdf_files/2022/8/2022-08-10.pdf
2022-08-11 09:30,79.05,https://github.com/sahilgupta/sbi-fx-ratekeeper/blob/4cea84491ec53b80a5171463e51e04f667bcb6e5/pdf_files/2022/8/2022-08-11.pdf
2022-08-17 09:30,78.86,https://github.com/sahilgupta/sbi-fx-ratekeeper/blob/4cea84491ec53b80a5171463e51e04f667bcb6e5/pdf_files/2022/8/2022-08-17.pdf
2022-08-18 09:30,79.2,https://github.com/sahilgupta/sbi-fx-ratekeeper/blob/4cea84491ec53b80a5171463e51e04f667bcb6e5/pdf_files/2022/8/2022-08-18.pdf
2022-08-19 09:30,79.35,https://github.com/sahilgupta/sbi-fx-ratekeeper/blob/4cea84491ec53b80a5171463e51e04f667bcb6e5/pdf_files/2022/8/2022-08-19.pdf
2022-08-22 09:30,79.45,https://github.com/sahilgupta/sbi-fx-ratekeeper/blob/4cea84491ec53b80a5171463e51e04f667bcb6e5/pdf_files/2022/8/2022-08-22.pdf
2022-08-23 09:30,79.44,https://github.com/sahilgupta/sbi-fx-ratekeeper/blob/4cea84491ec53b80a5171463e51e04f667bcb6e5/pdf_files/2022/8/2022-08-23.pdf
2022-08-24 09:30,79.45,https://github.com/sahilgupta/sbi-fx-ratekeeper/blob/4cea84491ec53b80a5171463e51e04f667bcb6e5/pdf_files/2022/8/2022-08-24.pdf
2022-08-25 09:30,79.43,https://github.com/sahilgupta/sbi-fx-ratekeeper/blob/4cea84491ec53b80a5171463e51e04f667bcb6e5/pdf_files/2022/8/2022-08-25.pdf
2022-08-26 09:30,79.45,https://github.com/sahilgupta/sbi-fx-ratekeeper/blob/4cea84491ec53b80a5171463e51e04f667bcb6e5/pdf_files/2022/8/2022-08-26.pdf
2022-08-29 09:30,79.68,https://github.com/sahilgupta/sbi-fx-ratekeeper/blob/4cea84491ec53b80a5171463e51e04f667bcb6e5/pdf_files/2022/8/2022-08-29.pdf
2022-08-30 13:25,79.1,https://github.com/sahilgupta/sbi-fx-ratekeeper/blob/4cea84491ec53b80a5171463e51e04f667bcb6e5/pdf_files/2022/8/2022-08-30.pdf
2022-09-01 09:30,79.12,https://github.com/sahilgupta/sbi-fx-ratekeeper/blob/4cea84491ec53b80a5171463e51e04f667bcb6e5/pdf_files/2022/9/2022-09-01.pdf
2022-09-02 09:30,79.23,https://github.com/sahilgupta/sbi-fx-ratekeeper/blob/4cea84491ec53b80a5171463e51e04f667bcb6e5/pdf_files/2022/9/2022-09-02.pdf
2022-09-05 09:30,79.42,https://github.com/sahilgupta/sbi-fx-ratekeeper/blob/4cea84491ec53b80a5171463e51e04f667bcb6e5/pdf_files/2022/9/2022-09-05.pdf
2022-09-06 09:30,79.4,https://github.com/sahilgupta/sbi-fx-ratekeeper/blob/4cea84491ec53b80a5171463e51e04f667bcb6e5/pdf_files/2022/9/2022-09-06.pdf
2022-09-07 09:30,79.47,https://github.com/sahilgupta/sbi-fx-ratekeeper/blob/4cea84491ec53b80a5171463e51e04f667bcb6e5/pdf_files/2022/9/2022-09-07.pdf
2022-09-09 09:30,79.26,https://github.com/sahilgupta/sbi-fx-ratekeeper/blob/4cea84491ec53b80a5171463e51e04f667bcb6e5/pdf_files/2022/9/2022-09-09.pdf
2022-09-12 09:30,79.15,https://github.com/sahilgupta/sbi-fx-ratekeeper/blob/4cea84491ec53b80a5171463e51e04f667bcb6e5/pdf_files/2022/9/2022-09-12.pdf
2022-09-13 09:30,78.9,https://github.com/sahilgupta/sbi-fx-ratekeeper/blob/4cea84491ec53b80a5171463e51e04f667bcb6e5/pdf_files/2022/9/2022-09-13.pdf
2022-09-14 09:30,79.22,https://github.com/sahilgupta/sbi-fx-ratekeeper/blob/4cea84491ec53b80a5171463e51e04f667bcb6e5/pdf_files/2022/9/2022-09-14.pdf
2022-09-15 09:30,79.1,https://github.com/sahilgupta/sbi-fx-ratekeeper/blob/4cea84491ec53b80a5171463e51e04f667bcb6e5/pdf_files/2022/9/2022-09-15.pdf
2022-09-16 09:30,79.4,https://github.com/sahilgupta/sbi-fx-ratekeeper/blob/4cea84491ec53b80a5171463e51e04f667bcb6e5/pdf_files/2022/9/2022-09-16.pdf
2022-09-19 09:30,79.27,https://github.com/sahilgupta/sbi-fx-ratekeeper/blob/4cea84491ec53b80a5171463e51e04f667bcb6e5/pdf_files/2022/9/2022-09-19.pdf
2022-09-20 09:30,79.29,https://github.com/sahilgupta/sbi-fx-ratekeeper/blob/4cea84491ec53b80a5171463e51e04f667bcb6e5/pdf_files/2022/9/2022-09-20.pdf
2022-09-21 09:30,79.41,https://github.com/sahilgupta/sbi-fx-ratekeeper/blob/4cea84491ec53b80a5171463e51e04f667bcb6e5/pdf_files/2022/9/2022-09-21.pdf
2022-09-22 09:30,80.1,https://github.com/sahilgupta/sbi-fx-ratekeeper/blob/4cea84491ec53b80a5171463e51e04f667bcb6e5/pdf_files/2022/9/2022-09-22.pdf
2022-09-23 09:30,80.5,https://github.com/sahilgupta/sbi-fx-ratekeeper/blob/4cea84491ec53b80a5171463e51e04f667bcb6e5/pdf_files/2022/9/2022-09-23.pdf
2022-09-26 09:30,81.15,https://github.com/sahilgupta/sbi-fx-ratekeeper/blob/4cea84491ec53b80a5171463e51e04f667bcb6e5/pdf_files/2022/9/2022-09-26.pdf
2022-09-27 09:30,81.09,https://github.com/sahilgupta/sbi-fx-ratekeeper/blob/4cea84491ec53b80a5171463e51e04f667bcb6e5/pdf_files/2022/9/2022-09-27.pdf
2022-09-28 09:30,81.5,https://github.com/sahilgupta/sbi-fx-ratekeeper/blob/4cea84491ec53b80a5171463e51e04f667bcb6e5/pdf_files/2022/9/2022-09-28.pdf
2022-09-29 09:30,81.4,https://github.com/sahilgupta/sbi-fx-ratekeeper/blob/4cea84491ec53b80a5171463e51e04f667bcb6e5/pdf_files/2022/9/2022-09-29.pdf
2022-09-30 09:30,81.22,https://github.com/sahilgupta/sbi-fx-ratekeeper/blob/4cea84491ec53b80a5171463e51e04f667bcb6e5/pdf_files/2022/9/2022-09-30.pdf
2022-10-01 09:30,81.2,https://github.com/sahilgupta/sbi-fx-ratekeeper/blob/4cea84491ec53b80a5171463e51e04f667bcb6e5/pdf_files/2022/10/2022-10-01.pdf
2022-10-03 09:30,81.3,https://github.com/sahilgupta/sbi-fx-ratekeeper/blob/4cea84491ec53b80a5171463e51e04f667bcb6e5/pdf_files/2022/10/2022-10-03.pdf
2022-10-04 09:30,81.25,https://github.com/sahilgupta/sbi-fx-ratekeeper/blob/4cea84491ec53b80a5171463e51e04f667bcb6e5/pdf_files/2022/10/2022-10-04.pdf
2022-10-06 09:30,81.3,https://github.com/sahilgupta/sbi-fx-ratekeeper/blob/4cea84491ec53b80a5171463e51e04f667bcb6e5/pdf_files/2022/10/2022-10-06.pdf
2022-10-07 09:30,82,https://github.com/sahilgupta/sbi-fx-ratekeeper/blob/4cea84491ec53b80a5171463e51e04f667bcb6e5/pdf_files/2022/10/2022-10-07.pdf
2022-10-10 09:30,82,https://github.com/sahilgupta/sbi-fx-ratekeeper/blob/4cea84491ec53b80a5171463e51e04f667bcb6e5/pdf_files/2022/10/2022-10-10.pdf
2022-10-11 09:30,82,https://github.com/sahilgupta/sbi-fx-ratekeeper/blob/4cea84491ec53b80a5171463e51e04f667bcb6e5/pdf_files/2022/10/2022-10-11.pdf
2022-10-12 09:30,81.9,https://github.com/sahilgupta/sbi-fx-ratekeeper/blob/4cea84491ec53b80a5171463e51e04f667bcb6e5/pdf_files/2022/10/2022-10-12.pdf
2022-10-13 09:30,81.9,https://github.com/sahilgupta/sbi-fx-ratekeeper/blob/4cea84491ec53b80a5171463e51e04f667bcb6e5/pdf_files/2022/10/2022-10-13.pdf
2022-10-15 09:30,81.9,https://github.com/sahilgupta/sbi-fx-ratekeeper/blob/4cea84491ec53b80a5171463e51e04f667bcb6e5/pdf_files/2022/10/2022-10-15.pdf
2022-10-17 09:30,81.93,https://github.com/sahilgupta/sbi-fx-ratekeeper/blob/4cea84491ec53b80a5171463e51e04f667bcb6e5/pdf_files/2022/10/2022-10-17.pdf
2022-10-18 09:30,81.8,https://github.com/sahilgupta/sbi-fx-ratekeeper/blob/4cea84491ec53b80a5171463e51e04f667bcb6e5/pdf_files/2022/10/2022-10-18.pdf
2022-10-19 10:00,82.5,https://github.com/sahilgupta/sbi-fx-ratekeeper/blob/4cea84491ec53b80a5171463e51e04f667bcb6e5/pdf_files/2022/10/2022-10-19.pdf
2022-10-20 10:00,82.55,https://github.com/sahilgupta/sbi-fx-ratekeeper/blob/4cea84491ec53b80a5171463e51e04f667bcb6e5/pdf_files/2022/10/2022-10-20.pdf
2022-10-21 09:30,82.25,https://github.com/sahilgupta/sbi-fx-ratekeeper/blob/4cea84491ec53b80a5171463e51e04f667bcb6e5/pdf_files/2022/10/2022-10-21.pdf
2022-10-25 09:30,82.3,https://github.com/sahilgupta/sbi-fx-ratekeeper/blob/4cea84491ec53b80a5171463e51e04f667bcb6e5/pdf_files/2022/10/2022-10-25.pdf
2022-10-27 10:00,81.9,https://github.com/sahilgupta/sbi-fx-ratekeeper/blob/4cea84491ec53b80a5171463e51e04f667bcb6e5/pdf_files/2022/10/2022-10-27.pdf
2022-10-28 09:30,81.92,https://github.com/sahilgupta/sbi-fx-ratekeeper/blob/4cea84491ec53b80a5171463e51e04f667bcb6e5/pdf_files/2022/10/2022-10-28.pdf
2022-10-29 09:30,81.95,https://github.com/sahilgupta/sbi-fx-ratekeeper/blob/4cea84491ec53b80a5171463e51e04f667bcb6e5/pdf_files/2022/10/2022-10-29.pdf
2022-10-31 09:30,82.28,https://github.com/sahilgupta/sbi-fx-ratekeeper/blob/4cea84491ec53b80a5171463e51e04f667bcb6e5/pdf_files/2022/10/2022-10-31.pdf
2022-11-01 09:30,82.33,https://github.com/sahilgupta/sbi-fx-ratekeeper/blob/4cea84491ec53b80a5171463e51e04f667bcb6e5/pdf_files/2022/11/2022-11-01.pdf
2022-11-02 09:30,82.25,https://github.com/sahilgupta/sbi-fx-ratekeeper/blob/4cea84491ec53b80a5171463e51e04f667bcb6e5/pdf_files/2022/11/2022-11-02.pdf
2022-11-03 09:30,82.5,https://github.com/sahilgupta/sbi-fx-ratekeeper/blob/4cea84491ec53b80a5171463e51e04f667bcb6e5/pdf_files/2022/11/2022-11-03.pdf
2022-11-04 09:30,82.25,https://github.com/sahilgupta/sbi-fx-ratekeeper/blob/4cea84491ec53b80a5171463e51e04f667bcb6e5/pdf_files/2022/11/2022-11-04.pdf
2022-11-05 09:30,81.7,https://github.com/sahilgupta/sbi-fx-ratekeeper/blob/4cea84491ec53b80a5171463e51e04f667bcb6e5/pdf_files/2022/11/2022-11-05.pdf
2022-11-07 09:30,81.6,https://github.com/sahilgupta/sbi-fx-ratekeeper/blob/4cea84491ec53b80a5171463e51e04f667bcb6e5/pdf_files/2022/11/2022-11-07.pdf
2022-11-09 09:30,80.9,https://github.com/sahilgupta/sbi-fx-ratekeeper/blob/4cea84491ec53b80a5171463e51e04f667bcb6e5/pdf_files/2022/11/2022-11-09.pdf
2022-11-10 09:30,81.4,https://github.com/sahilgupta/sbi-fx-ratekeeper/blob/4cea84491ec53b80a5171463e51e04f667bcb6e5/pdf_files/2022/11/2022-11-10.pdf
2022-11-11 09:30,80.48,https://github.com/sahilgupta/sbi-fx-ratekeeper/blob/4cea84491ec53b80a5171463e51e04f667bcb6e5/pdf_files/2022/11/2022-11-11.pdf
2022-11-14 09:30,80.7,https://github.com/sahilgupta/sbi-fx-ratekeeper/blob/4cea84491ec53b80a5171463e51e04f667bcb6e5/pdf_files/2022/11/2022-11-14.pdf
2022-11-15 09:30,80.7,https://github.com/sahilgupta/sbi-fx-ratekeeper/blob/4cea84491ec53b80a5171463e51e04f667bcb6e5/pdf_files/2022/11/2022-11-15.pdf
2022-11-16 09:30,81,https://github.com/sahilgupta/sbi-fx-ratekeeper/blob/4cea84491ec53b80a5171463e51e04f667bcb6e5/pdf_files/2022/11/2022-11-16.pdf
2022-11-17 09:30,81.08,https://github.com/sahilgupta/sbi-fx-ratekeeper/blob/4cea84491ec53b80a5171463e51e04f667bcb6e5/pdf_files/2022/11/2022-11-17.pdf
2022-11-18 09:30,81.2,https://github.com/sahilgupta/sbi-fx-ratekeeper/blob/4cea84491ec53b80a5171463e51e04f667bcb6e5/pdf_files/2022/11/2022-11-18.pdf
2022-11-19 09:30,81.2,https://github.com/sahilgupta/sbi-fx-ratekeeper/blob/4cea84491ec53b80a5171463e51e04f667bcb6e5/pdf_files/2022/11/2022-11-19.pdf
2022-11-21 09:30,81.45,https://github.com/sahilgupta/sbi-fx-ratekeeper/blob/4cea84491ec53b80a5171463e51e04f667bcb6e5/pdf_files/2022/11/2022-11-21.pdf
2022-11-22 09:30,81.35,https://github.com/sahilgupta/sbi-fx-ratekeeper/blob/4cea84491ec53b80a5171463e51e04f667bcb6e5/pdf_files/2022/11/2022-11-22.pdf
2022-11-23 09:30,81.37,https://github.com/sahilgupta/sbi-fx-ratekeeper/blob/4cea84491ec53b80a5171463e51e04f667bcb6e5/pdf_files/2022/11/2022-11-23.pdf
2022-11-24 09:30,81.3,https://github.com/sahilgupta/sbi-fx-ratekeeper/blob/4cea84491ec53b80a5171463e51e04f667bcb6e5/pdf_files/2022/11/2022-11-24.pdf
2022-11-25 09:30,81.15,https://github.com/sahilgupta/sbi-fx-ratekeeper/blob/4cea84491ec53b80a5171463e51e04f667bcb6e5/pdf_files/2022/11/2022-11-25.pdf
2022-11-28 09:30,81.28,https://github.com/sahilgupta/sbi-fx-ratekeeper/blob/4cea84491ec53b80a5171463e51e04f667bcb6e5/pdf_files/2022/11/2022-11-28.pdf
2022-11-29 09:30,81.2,https://github.com/sahilgupta/sbi-fx-ratekeeper/blob/4cea84491ec53b80a5171463e51e04f667bcb6e5/pdf_files/2022/11/2022-11-29.pdf
2022-11-30 09:30,81.24,https://github.com/sahilgupta/sbi-fx-ratekeeper/blob/4cea84491ec53b80a5171463e51e04f667bcb6e5/pdf_files/2022/11/2022-11-30.pdf
2022-12-01 09:30,80.7,https://github.com/sahilgupta/sbi-fx-ratekeeper/blob/4cea84491ec53b80a5171463e51e04f667bcb6e5/pdf_files/2022/12/2022-12-01.pdf
2022-12-02 09:30,80.74,https://github.com/sahilgupta/sbi-fx-ratekeeper/blob/4cea84491ec53b80a5171463e51e04f667bcb6e5/pdf_files/2022/12/2022-12-02.pdf
2022-12-03 09:30,80.95,https://github.com/sahilgupta/sbi-fx-ratekeeper/blob/4cea84491ec53b80a5171463e51e04f667bcb6e5/pdf_files/2022/12/2022-12-03.pdf
2022-12-05 13:30,81.3,https://github.com/sahilgupta/sbi-fx-ratekeeper/blob/4cea84491ec53b80a5171463e51e04f667bcb6e5/pdf_files/2022/12/2022-12-05.pdf
2022-12-06 14:15,82.05,https://github.com/sahilgupta/sbi-fx-ratekeeper/blob/4cea84491ec53b80a5171463e51e04f667bcb6e5/pdf_files/2022/12/2022-12-06.pdf
2022-12-07 09:50,82.3,https://github.com/sahilgupta/sbi-fx-ratekeeper/blob/4cea84491ec53b80a5171463e51e04f667bcb6e5/pdf_files/2022/12/2022-12-07.pdf
2022-12-08 09:30,81.95,https://github.com/sahilgupta/sbi-fx-ratekeeper/blob/4cea84491ec53b80a5171463e51e04f667bcb6e5/pdf_files/2022/12/2022-12-08.pdf
2022-12-09 09:30,81.9,https://github.com/sahilgupta/sbi-fx-ratekeeper/blob/4cea84491ec53b80a5171463e51e04f667bcb6e5/pdf_files/2022/12/2022-12-09.pdf
2022-12-12 09:30,82.13,https://github.com/sahilgupta/sbi-fx-ratekeeper/blob/4cea84491ec53b80a5171463e51e04f667bcb6e5/pdf_files/2022/12/2022-12-12.pdf
2022-12-13 09:30,82.25,https://github.com/sahilgupta/sbi-fx-ratekeeper/blob/4cea84491ec53b80a5171463e51e04f667bcb6e5/pdf_files/2022/12/2022-12-13.pdf
2022-12-14 09:30,82.2,https://github.com/sahilgupta/sbi-fx-ratekeeper/blob/4cea84491ec53b80a5171463e51e04f667bcb6e5/pdf_files/2022/12/2022-12-14.pdf
2022-12-15 09:30,82.22,https://github.com/sahilgupta/sbi-fx-ratekeeper/blob/4cea84491ec53b80a5171463e51e04f667bcb6e5/pdf_files/2022/12/2022-12-15.pdf
2022-12-16 09:30,82.4,https://github.com/sahilgupta/sbi-fx-ratekeeper/blob/4cea84491ec53b80a5171463e51e04f667bcb6e5/pdf_files/2022/12/2022-12-16.pdf
2022-12-17 09:30,82.3,https://github.com/sahilgupta/sbi-fx-ratekeeper/blob/4cea84491ec53b80a5171463e51e04f667bcb6e5/pdf_files/2022/12/2022-12-17.pdf
2022-12-19 09:30,82.4,https://github.com/sahilgupta/sbi-fx-ratekeeper/blob/4cea84491ec53b80a5171463e51e04f667bcb6e5/pdf_files/2022/12/2022-12-19.pdf
2022-12-20 09:30,82.27,https://github.com/sahilgupta/sbi-fx-ratekeeper/blob/4cea84491ec53b80a5171463e51e04f667bcb6e5/pdf_files/2022/12/2022-12-20.pdf
2022-12-21 09:30,82.37,https://github.com/sahilgupta/sbi-fx-ratekeeper/blob/4cea84491ec53b80a5171463e51e04f667bcb6e5/pdf_files/2022/12/2022-12-21.pdf
2022-12-22 09:30,82.37,https://github.com/sahilgupta/sbi-fx-ratekeeper/blob/4cea84491ec53b80a5171463e51e04f667bcb6e5/pdf_files/2022/12/2022-12-22.pdf
2022-12-23 09:30,82.4,https://github.com/sahilgupta/sbi-fx-ratekeeper/blob/4cea84491ec53b80a5171463e51e04f667bcb6e5/pdf_files/2022/12/2022-12-23.pdf
2022-12-26 09:30,82.37,https://github.com/sahilgupta/sbi-fx-ratekeeper/blob/4cea84491ec53b80a5171463e51e04f667bcb6e5/pdf_files/2022/12/2022-12-26.pdf
2022-12-27 09:30,82.32,https://github.com/sahilgupta/sbi-fx-ratekeeper/blob/4cea84491ec53b80a5171463e51e04f667bcb6e5/pdf_files/2022/12/2022-12-27.pdf
2022-12-28 09:30,82.44,https://github.com/sahilgupta/sbi-fx-ratekeeper/blob/4cea84491ec53b80a5171463e51e04f667bcb6e5/pdf_files/2022/12/2022-12-28.pdf
2022-12-29 09:30,82.44,https://github.com/sahilgupta/sbi-fx-ratekeeper/blob/4cea84491ec53b80a5171463e51e04f667bcb6e5/pdf_files/2022/12/2022-12-29.pdf
2022-12-30 09:30,82.36,https://github.com/sahilgupta/sbi-fx-ratekeeper/blob/4cea84491ec53b80a5171463e51e04f667bcb6e5/pdf_files/2022/12/2022-12-30.pdf
2022-12-31 09:30,82.3,https://github.com/sahilgupta/sbi-fx-ratekeeper/blob/4cea84491ec53b80a5171463e51e04f667bcb6e5/pdf_files/2022/12/2022-12-31.pdf
2023-01-02 09:30,82.25,https://github.com/sahilgupta/sbi-fx-ratekeeper/blob/4cea84491ec53b80a5171463e51e04f667bcb6e5/pdf_files/2023/1/2023-01-02.pdf
2023-01-03 09:30,82.3,https://github.com/sahilgupta/sbi-fx-ratekeeper/blob/4cea84491ec53b80a5171463e51e04f667bcb6e5/pdf_files/2023/1/2023-01-03.pdf
2023-01-04 14:15,82.35,https://github.com/sahilgupta/sbi-fx-ratekeeper/blob/4cea84491ec53b80a5171463e51e04f667bcb6e5/pdf_files/2023/1/2023-01-04.pdf
2023-01-05 09:30,82.36,https://github.com/sahilgupta/sbi-fx-ratekeeper/blob/4cea84491ec53b80a5171463e51e04f667bcb6e5/pdf_files/2023/1/2023-01-05.pdf
2023-01-06 09:30,82.15,https://github.com/sahilgupta/sbi-fx-ratekeeper/blob/4cea84491ec53b80a5171463e51e04f667bcb6e5/pdf_files/2023/1/2023-01-06.pdf
2023-01-07 09:30,81.9,https://github.com/sahilgupta/sbi-fx-ratekeeper/blob/4cea84491ec53b80a5171463e51e04f667bcb6e5/pdf_files/2023/1/2023-01-07.pdf
2023-01-09 09:30,81.9,https://github.com/sahilgupta/sbi-fx-ratekeeper/blob/4cea84491ec53b80a5171463e51e04f667bcb6e5/pdf_files/2023/1/2023-01-09.pdf
2023-01-10 09:30,81.6,https://github.com/sahilgupta/sbi-fx-ratekeeper/blob/4cea84491ec53b80a5171463e51e04f667bcb6e5/pdf_files/2023/1/2023-01-10.pdf
2023-01-11 09:30,81.26,https://github.com/sahilgupta/sbi-fx-ratekeeper/blob/4cea84491ec53b80a5171463e51e04f667bcb6e5/pdf_files/2023/1/2023-01-11.pdf
2023-01-16 09:30,81.25,https://github.com/sahilgupta/sbi-fx-ratekeeper/blob/4cea84491ec53b80a5171463e51e04f667bcb6e5/pdf_files/2023/1/2023-01-16.pdf
2023-01-17 09:30,81.38,https://github.com/sahilgupta/sbi-fx-ratekeeper/blob/4cea84491ec53b80a5171463e51e04f667bcb6e5/pdf_files/2023/1/2023-01-17.pdf
2023-01-18 09:30,81.35,https://github.com/sahilgupta/sbi-fx-ratekeeper/blob/4cea84491ec53b80a5171463e51e04f667bcb6e5/pdf_files/2023/1/2023-01-18.pdf
2023-01-19 09:30,80.97,https://github.com/sahilgupta/sbi-fx-ratekeeper/blob/4cea84491ec53b80a5171463e51e04f667bcb6e5/pdf_files/2023/1/2023-01-19.pdf
2023-01-20 09:30,80.8,https://github.com/sahilgupta/sbi-fx-ratekeeper/blob/4cea84491ec53b80a5171463e51e04f667bcb6e5/pdf_files/2023/1/2023-01-20.pdf
2023-01-23 09:30,81,https://github.com/sahilgupta/sbi-fx-ratekeeper/blob/4cea84491ec53b80a5171463e51e04f667bcb6e5/pdf_files/2023/1/2023-01-23.pdf
2023-01-24 10:00,81.15,https://github.com/sahilgupta/sbi-fx-ratekeeper/blob/4cea84491ec53b80a5171463e51e04f667bcb6e5/pdf_files/2023/1/2023-01-24.pdf
2023-01-25 09:30,81.2,https://github.com/sahilgupta/sbi-fx-ratekeeper/blob/4cea84491ec53b80a5171463e51e04f667bcb6e5/pdf_files/2023/1/2023-01-25.pdf
2023-01-27 09:30,81.1,https://github.com/sahilgupta/sbi-fx-ratekeeper/blob/4cea84491ec53b80a5171463e51e04f667bcb6e5/pdf_files/2023/1/2023-01-27.pdf
2023-01-30 09:30,81.25,https://github.com/sahilgupta/sbi-fx-ratekeeper/blob/4cea84491ec53b80a5171463e51e04f667bcb6e5/pdf_files/2023/1/2023-01-30.pdf
2023-01-31 09:30,81.2,https://github.com/sahilgupta/sbi-fx-ratekeeper/blob/4cea84491ec53b80a5171463e51e04f667bcb6e5/pdf_files/2023/1/2023-01-31.pdf
2023-02-01 09:30,81.38,https://github.com/sahilgupta/sbi-fx-ratekeeper/blob/4cea84491ec53b80a5171463e51e04f667bcb6e5/pdf_files/2023/2/2023-02-01.pdf
2023-02-02 09:30,81.6,https://github.com/sahilgupta/sbi-fx-ratekeeper/blob/4cea84491ec53b80a5171463e51e04f667bcb6e5/pdf_files/2023/2/2023-02-02.pdf
2023-02-03 09:30,81.4,https://github.com/sahilgupta/sbi-fx-ratekeeper/blob/4cea84491ec53b80a5171463e51e04f667bcb6e5/pdf_files/2023/2/2023-02-03.pdf
2023-02-04 09:30,81.8,https://github.com/sahilgupta/sbi-fx-ratekeeper/blob/4cea84491ec53b80a5171463e51e04f667bcb6e5/pdf_files/2023/2/2023-02-04.pdf
2023-02-06 09:30,82.25,https://github.com/sahilgupta/sbi-fx-ratekeeper/blob/4cea84491ec53b80a5171463e51e04f667bcb6e5/pdf_files/2023/2/2023-02-06.pdf
2023-02-07 09:30,82.25,https://github.com/sahilgupta/sbi-fx-ratekeeper/blob/4cea84491ec53b80a5171463e51e04f667bcb6e5/pdf_files/2023/2/2023-02-07.pdf
2023-02-09 09:30,82.18,https://github.com/sahilgupta/sbi-fx-ratekeeper/blob/4cea84491ec53b80a5171463e51e04f667bcb6e5/pdf_files/2023/2/2023-02-09.pdf
2023-02-13 09:30,82.3,https://github.com/sahilgupta/sbi-fx-ratekeeper/blob/4cea84491ec53b80a5171463e51e04f667bcb6e5/pdf_files/2023/2/2023-02-13.pdf
2023-02-15 09:30,82.5,https://github.com/sahilgupta/sbi-fx-ratekeeper/blob/4cea84491ec53b80a5171463e51e04f667bcb6e5/pdf_files/2023/2/2023-02-15.pdf
2023-02-17 09:30,82.39,https://github.com/sahilgupta/sbi-fx-ratekeeper/blob/4cea84491ec53b80a5171463e51e04f667bcb6e5/pdf_files/2023/2/2023-02-17.pdf
2023-02-20 09:30,82.3,https://github.com/sahilgupta/sbi-fx-ratekeeper/blob/4cea84491ec53b80a5171463e51e04f667bcb6e5/pdf_files/2023/2/2023-02-20.pdf
2023-02-21 09:30,82.35,https://github.com/sahilgupta/sbi-fx-ratekeeper/blob/4cea84491ec53b80a5171463e51e04f667bcb6e5/pdf_files/2023/2/2023-02-21.pdf
2023-02-22 09:30,82.42,https://github.com/sahilgupta/sbi-fx-ratekeeper/blob/4cea84491ec53b80a5171463e51e04f667bcb6e5/pdf_files/2023/2/2023-02-22.pdf
2023-02-23 09:30,82.38,https://github.com/sahilgupta/sbi-fx-ratekeeper/blob/4cea84491ec53b80a5171463e51e04f667bcb6e5/pdf_files/2023/2/2023-02-23.pdf
2023-02-24 09:30,82.28,https://github.com/sahilgupta/sbi-fx-ratekeeper/blob/4cea84491ec53b80a5171463e51e04f667bcb6e5/pdf_files/2023/2/2023-02-24.pdf
2023-02-27 09:30,82.47,https://github.com/sahilgupta/sbi-fx-ratekeeper/blob/4cea84491ec53b80a5171463e51e04f667bcb6e5/pdf_files/2023/2/2023-02-27.pdf
2023-02-28 09:30,82.3,https://github.com/sahilgupta/sbi-fx-ratekeeper/blob/4cea84491ec53b80a5171463e51e04f667bcb6e5/pdf_files/2023/2/2023-02-28.pdf
2023-03-01 09:30,82.08,https://github.com/sahilgupta/sbi-fx-ratekeeper/blob/4cea84491ec53b80a5171463e51e04f667bcb6e5/pdf_files/2023/3/2023-03-01.pdf
2023-03-02 09:30,82.17,https://github.com/sahilgupta/sbi-fx-ratekeeper/blob/4cea84491ec53b80a5171463e51e04f667bcb6e5/pdf_files/2023/3/2023-03-02.pdf
2023-03-03 09:30,81.65,https://github.com/sahilgupta/sbi-fx-ratekeeper/blob/4cea84491ec53b80a5171463e51e04f667bcb6e5/pdf_files/2023/3/2023-03-03.pdf
2023-03-04 09:30,81.4,https://github.com/sahilgupta/sbi-fx-ratekeeper/blob/4cea84491ec53b80a5171463e51e04f667bcb6e5/pdf_files/2023/3/2023-03-04.pdf
2023-03-06 09:30,81.4,https://github.com/sahilgupta/sbi-fx-ratekeeper/blob/4cea84491ec53b80a5171463e51e04f667bcb6e5/pdf_files/2023/3/2023-03-06.pdf
2023-03-08 14:45,81.65,https://github.com/sahilgupta/sbi-fx-ratekeeper/blob/4cea84491ec53b80a5171463e51e04f667bcb6e5/pdf_files/2023/3/2023-03-08.pdf
2023-03-09 09:30,81.52,https://github.com/sahilgupta/sbi-fx-ratekeeper/blob/4cea84491ec53b80a5171463e51e04f667bcb6e5/pdf_files/2023/3/2023-03-09.pdf
2023-03-10 09:30,81.73,https://github.com/sahilgupta/sbi-fx-ratekeeper/blob/4cea84491ec53b80a5171463e51e04f667bcb6e5/pdf_files/2023/3/2023-03-10.pdf
2023-03-13 15:15,81.75,https://github.com/sahilgupta/sbi-fx-ratekeeper/blob/4cea84491ec53b80a5171463e51e04f667bcb6e5/pdf_files/2023/3/2023-03-13.pdf
2023-03-14 09:30,81.86,https://github.com/sahilgupta/sbi-fx-ratekeeper/blob/4cea84491ec53b80a5171463e51e04f667bcb6e5/pdf_files/2023/3/2023-03-14.pdf
2023-03-15 09:30,82.12,https://github.com/sahilgupta/sbi-fx-ratekeeper/blob/4cea84491ec53b80a5171463e51e04f667bcb6e5/pdf_files/2023/3/2023-03-15.pdf
2023-03-16 09:30,82.37,https://github.com/sahilgupta/sbi-fx-ratekeeper/blob/4cea84491ec53b80a5171463e51e04f667bcb6e5/pdf_files/2023/3/2023-03-16.pdf
2023-03-17 09:30,82.12,https://github.com/sahilgupta/sbi-fx-ratekeeper/blob/4cea84491ec53b80a5171463e51e04f667bcb6e5/pdf_files/2023/3/2023-03-17.pdf
2023-03-20 13:20,82.25,https://github.com/sahilgupta/sbi-fx-ratekeeper/blob/4cea84491ec53b80a5171463e51e04f667bcb6e5/pdf_files/2023/3/2023-03-20.pdf
2023-03-21 09:15,82.15,https://github.com/sahilgupta/sbi-fx-ratekeeper/blob/4cea84491ec53b80a5171463e51e04f667bcb6e5/pdf_files/2023/3/2023-03-21.pdf
2023-03-23 09:15,81.75,https://github.com/sahilgupta/sbi-fx-ratekeeper/blob/4cea84491ec53b80a5171463e51e04f667bcb6e5/pdf_files/2023/3/2023-03-23.pdf
2023-03-24 09:15,81.9,https://github.com/sahilgupta/sbi-fx-ratekeeper/blob/4cea84491ec53b80a5171463e51e04f667bcb6e5/pdf_files/2023/3/2023-03-24.pdf
2023-03-27 09:15,81.96,https://github.com/sahilgupta/sbi-fx-ratekeeper/blob/4cea84491ec53b80a5171463e51e04f667bcb6e5/pdf_files/2023/3/2023-03-27.pdf
2023-03-28 09:15,81.76,https://github.com/sahilgupta/sbi-fx-ratekeeper/blob/4cea84491ec53b80a5171463e51e04f667bcb6e5/pdf_files/2023/3/2023-03-28.pdf
2023-03-29 09:15,81.85,https://github.com/sahilgupta/sbi-fx-ratekeeper/blob/4cea84491ec53b80a5171463e51e04f667bcb6e5/pdf_files/2023/3/2023-03-29.pdf
2023-03-31 09:15,81.72,https://github.com/sahilgupta/sbi-fx-ratekeeper/blob/4cea84491ec53b80a5171463e51e04f667bcb6e5/pdf_files/2023/3/2023-03-31.pdf
2023-04-03 09:15,82,https://github.com/sahilgupta/sbi-fx-ratekeeper/blob/4cea84491ec53b80a5171463e51e04f667bcb6e5/pdf_files/2023/4/2023-04-03.pdf
2023-04-05 09:15,81.68,https://github.com/sahilgupta/sbi-fx-ratekeeper/blob/4cea84491ec53b80a5171463e51e04f667bcb6e5/pdf_files/2023/4/2023-04-05.pdf
2023-04-06 09:15,81.54,https://github.com/sahilgupta/sbi-fx-ratekeeper/blob/4cea84491ec53b80a5171463e51e04f667bcb6e5/pdf_files/2023/4/2023-04-06.pdf
2023-04-10 09:15,81.47,https://github.com/sahilgupta/sbi-fx-ratekeeper/blob/4cea84491ec53b80a5171463e51e04f667bcb6e5/pdf_files/2023/4/2023-04-10.pdf
2023-04-11 09:15,81.56,https://github.com/sahilgupta/sbi-fx-ratekeeper/blob/4cea84491ec53b80a5171463e51e04f667bcb6e5/pdf_files/2023/4/2023-04-11.pdf
2023-04-12 09:15,81.65,https://github.com/sahilgupta/sbi-fx-ratekeeper/blob/4cea84491ec53b80a5171463e51e04f667bcb6e5/pdf_files/2023/4/2023-04-12.pdf
2023-04-13 09:15,81.6,https://github.com/sahilgupta/sbi-fx-ratekeeper/blob/4cea84491ec53b80a5171463e51e04f667bcb6e5/pdf_files/2023/4/2023-04-13.pdf
2023-04-15 09:15,81.4,https://github.com/sahilgupta/sbi-fx-ratekeeper/blob/4cea84491ec53b80a5171463e51e04f667bcb6e5/pdf_files/2023/4/2023-04-15.pdf
2023-04-17 09:15,81.49,https://github.com/sahilgupta/sbi-fx-ratekeeper/blob/4cea84491ec53b80a5171463e51e04f667bcb6e5/pdf_files/2023/4/2023-04-17.pdf
2023-04-18 09:15,81.62,https://github.com/sahilgupta/sbi-fx-ratekeeper/blob/4cea84491ec53b80a5171463e51e04f667bcb6e5/pdf_files/2023/4/2023-04-18.pdf
2023-04-19 09:15,81.7,https://github.com/sahilgupta/sbi-fx-ratekeeper/blob/4cea84491ec53b80a5171463e51e04f667bcb6e5/pdf_files/2023/4/2023-04-19.pdf
2023-04-20 09:15,81.83,https://github.com/sahilgupta/sbi-fx-ratekeeper/blob/4cea84491ec53b80a5171463e51e04f667bcb6e5/pdf_files/2023/4/2023-04-20.pdf
2023-04-21 09:15,81.72,https://github.com/sahilgupta/sbi-fx-ratekeeper/blob/4cea84491ec53b80a5171463e51e04f667bcb6e5/pdf_files/2023/4/2023-04-21.pdf
2023-04-24 09:15,81.69,https://github.com/sahilgupta/sbi-fx-ratekeeper/blob/4cea84491ec53b80a5171463e51e04f667bcb6e5/pdf_files/2023/4/2023-04-24.pdf
2023-04-25 09:15,81.48,https://github.com/sahilgupta/sbi-fx-ratekeeper/blob/4cea84491ec53b80a5171463e51e04f667bcb6e5/pdf_files/2023/4/2023-04-25.pdf
2023-04-26 09:15,81.3,https://github.com/sahilgupta/sbi-fx-ratekeeper/blob/4cea84491ec53b80a5171463e51e04f667bcb6e5/pdf_files/2023/4/2023-04-26.pdf
2023-04-27 09:15,81.31,https://github.com/sahilgupta/sbi-fx-ratekeeper/blob/4cea84491ec53b80a5171463e51e04f667bcb6e5/pdf_files/2023/4/2023-04-27.pdf
2023-04-28 09:15,81.38,https://github.com/sahilgupta/sbi-fx-ratekeeper/blob/4cea84491ec53b80a5171463e51e04f667bcb6e5/pdf_files/2023/4/2023-04-28.pdf
2023-04-29 09:15,81.35,https://github.com/sahilgupta/sbi-fx-ratekeeper/blob/4cea84491ec53b80a5171463e51e04f667bcb6e5/pdf_files/2023/4/2023-04-29.pdf
2023-05-02 09:15,81.35,https://github.com/sahilgupta/sbi-fx-ratekeeper/blob/4cea84491ec53b80a5171463e51e04f667bcb6e5/pdf_files/2023/5/2023-05-02.pdf
2023-05-03 10:00,81.38,https://github.com/sahilgupta/sbi-fx-ratekeeper/blob/4cea84491ec53b80a5171463e51e04f667bcb6e5/pdf_files/2023/5/2023-05-03.pdf
2023-05-04 09:15,81.27,https://github.com/sahilgupta/sbi-fx-ratekeeper/blob/4cea84491ec53b80a5171463e51e04f667bcb6e5/pdf_files/2023/5/2023-05-04.pdf
2023-05-06 09:15,81.3,https://github.com/sahilgupta/sbi-fx-ratekeeper/blob/4cea84491ec53b80a5171463e51e04f667bcb6e5/pdf_files/2023/5/2023-05-06.pdf
2023-05-08 09:15,81.35,https://github.com/sahilgupta/sbi-fx-ratekeeper/blob/4cea84491ec53b80a5171463e51e04f667bcb6e5/pdf_files/2023/5/2023-05-08.pdf
2023-05-09 09:15,81.7,https://github.com/sahilgupta/sbi-fx-ratekeeper/blob/4cea84491ec53b80a5171463e51e04f667bcb6e5/pdf_files/2023/5/2023-05-09.pdf
2023-05-10 09:15,81.66,https://github.com/sahilgupta/sbi-fx-ratekeeper/blob/4cea84491ec53b80a5171463e51e04f667bcb6e5/pdf_files/2023/5/2023-05-10.pdf
2023-05-11 09:15,81.56,https://github.com/sahilgupta/sbi-fx-ratekeeper/blob/4cea84491ec53b80a5171463e51e04f667bcb6e5/pdf_files/2023/5/2023-05-11.pdf
2023-05-12 09:15,81.7,https://github.com/sahilgupta/sbi-fx-ratekeeper/blob/4cea84491ec53b80a5171463e51e04f667bcb6e5/pdf_files/2023/5/2023-05-12.pdf
2023-05-15 09:15,81.82,https://github.com/sahilgupta/sbi-fx-ratekeeper/blob/4cea84491ec53b80a5171463e51e04f667bcb6e5/pdf_files/2023/5/2023-05-15.pdf
2023-05-16 09:15,81.83,https://github.com/sahilgupta/sbi-fx-ratekeeper/blob/4cea84491ec53b80a5171463e51e04f667bcb6e5/pdf_files/2023/5/2023-05-16.pdf
2023-05-17 09:15,81.9,https://github.com/sahilgupta/sbi-fx-ratekeeper/blob/4cea84491ec53b80a5171463e51e04f667bcb6e5/pdf_files/2023/5/2023-05-17.pdf
2023-05-18 09:15,82.15,https://github.com/sahilgupta/sbi-fx-ratekeeper/blob/4cea84491ec53b80a5171463e51e04f667bcb6e5/pdf_files/2023/5/2023-05-18.pdf
2023-05-19 09:15,82.31,https://github.com/sahilgupta/sbi-fx-ratekeeper/blob/4cea84491ec53b80a5171463e51e04f667bcb6e5/pdf_files/2023/5/2023-05-19.pdf
2023-05-20 09:15,82.4,https://github.com/sahilgupta/sbi-fx-ratekeeper/blob/4cea84491ec53b80a5171463e51e04f667bcb6e5/pdf_files/2023/5/2023-05-20.pdf
2023-05-22 09:15,82.39,https://github.com/sahilgupta/sbi-fx-ratekeeper/blob/4cea84491ec53b80a5171463e51e04f667bcb6e5/pdf_files/2023/5/2023-05-22.pdf
2023-05-23 09:15,82.44,https://github.com/sahilgupta/sbi-fx-ratekeeper/blob/4cea84491ec53b80a5171463e51e04f667bcb6e5/pdf_files/2023/5/2023-05-23.pdf
2023-05-24 09:15,82.43,https://github.com/sahilgupta/sbi-fx-ratekeeper/blob/4cea84491ec53b80a5171463e51e04f667bcb6e5/pdf_files/2023/5/2023-05-24.pdf
2023-05-25 09:15,82.35,https://github.com/sahilgupta/sbi-fx-ratekeeper/blob/4cea84491ec53b80a5171463e51e04f667bcb6e5/pdf_files/2023/5/2023-05-25.pdf
2023-05-26 09:15,82.33,https://github.com/sahilgupta/sbi-fx-ratekeeper/blob/4cea84491ec53b80a5171463e51e04f667bcb6e5/pdf_files/2023/5/2023-05-26.pdf
2023-05-29 09:30,82.19,https://github.com/sahilgupta/sbi-fx-ratekeeper/blob/4cea84491ec53b80a5171463e51e04f667bcb6e5/pdf_files/2023/5/2023-05-29.pdf
2023-05-30 09:15,82.26,https://github.com/sahilgupta/sbi-fx-ratekeeper/blob/4cea84491ec53b80a5171463e51e04f667bcb6e5/pdf_files/2023/5/2023-05-30.pdf
2023-05-31 09:30,82.32,https://github.com/sahilgupta/sbi-fx-ratekeeper/blob/4cea84491ec53b80a5171463e51e04f667bcb6e5/pdf_files/2023/5/2023-05-31.pdf
2023-06-01 09:30,82.1,https://github.com/sahilgupta/sbi-fx-ratekeeper/blob/4cea84491ec53b80a5171463e51e04f667bcb6e5/pdf_files/2023/6/2023-06-01.pdf
2023-06-02 09:30,81.94,https://github.com/sahilgupta/sbi-fx-ratekeeper/blob/4cea84491ec53b80a5171463e51e04f667bcb6e5/pdf_files/2023/6/2023-06-02.pdf
2023-06-03 09:15,81.98,https://github.com/sahilgupta/sbi-fx-ratekeeper/blob/4cea84491ec53b80a5171463e51e04f667bcb6e5/pdf_files/2023/6/2023-06-03.pdf
2023-06-05 09:30,82.08,https://github.com/sahilgupta/sbi-fx-ratekeeper/blob/4cea84491ec53b80a5171463e51e04f667bcb6e5/pdf_files/2023/6/2023-06-05.pdf
2023-06-06 09:30,82.16,https://github.com/sahilgupta/sbi-fx-ratekeeper/blob/4cea84491ec53b80a5171463e51e04f667bcb6e5/pdf_files/2023/6/2023-06-06.pdf
2023-06-07 09:30,82.16,https://github.com/sahilgupta/sbi-fx-ratekeeper/blob/4cea84491ec53b80a5171463e51e04f667bcb6e5/pdf_files/2023/6/2023-06-07.pdf
2023-06-08 09:30,82.21,https://github.com/sahilgupta/sbi-fx-ratekeeper/blob/4cea84491ec53b80a5171463e51e04f667bcb6e5/pdf_files/2023/6/2023-06-08.pdf
2023-06-09 09:30,82.08,https://github.com/sahilgupta/sbi-fx-ratekeeper/blob/4cea84491ec53b80a5171463e51e04f667bcb6e5/pdf_files/2023/6/2023-06-09.pdf
2023-06-12 09:30,82.05,https://github.com/sahilgupta/sbi-fx-ratekeeper/blob/4cea84491ec53b80a5171463e51e04f667bcb6e5/pdf_files/2023/6/2023-06-12.pdf
2023-06-13 09:30,82.02,https://github.com/sahilgupta/sbi-fx-ratekeeper/blob/4cea84491ec53b80a5171463e51e04f667bcb6e5/pdf_files/2023/6/2023-06-13.pdf
2023-06-14 09:30,81.9,https://github.com/sahilgupta/sbi-fx-ratekeeper/blob/4cea84491ec53b80a5171463e51e04f667bcb6e5/pdf_files/2023/6/2023-06-14.pdf
2023-06-15 09:30,81.75,https://github.com/sahilgupta/sbi-fx-ratekeeper/blob/4cea84491ec53b80a5171463e51e04f667bcb6e5/pdf_files/2023/6/2023-06-15.pdf
2023-06-16 09:30,81.59,https://github.com/sahilgupta/sbi-fx-ratekeeper/blob/4cea84491ec53b80a5171463e51e04f667bcb6e5/pdf_files/2023/6/2023-06-16.pdf
2023-06-17 09:30,81.52,https://github.com/sahilgupta/sbi-fx-ratekeeper/blob/4cea84491ec53b80a5171463e51e04f667bcb6e5/pdf_files/2023/6/2023-06-17.pdf
2023-06-19 09:30,81.54,https://github.com/sahilgupta/sbi-fx-ratekeeper/blob/4cea84491ec53b80a5171463e51e04f667bcb6e5/pdf_files/2023/6/2023-06-19.pdf
2023-06-20 09:30,81.63,https://github.com/sahilgupta/sbi-fx-ratekeeper/blob/4cea84491ec53b80a5171463e51e04f667bcb6e5/pdf_files/2023/6/2023-06-20.pdf
2023-06-21 09:30,81.72,https://github.com/sahilgupta/sbi-fx-ratekeeper/blob/4cea84491ec53b80a5171463e51e04f667bcb6e5/pdf_files/2023/6/2023-06-21.pdf
2023-06-22 09:30,81.54,https://github.com/sahilgupta/sbi-fx-ratekeeper/blob/4cea84491ec53b80a5171463e51e04f667bcb6e5/pdf_files/2023/6/2023-06-22.pdf
2023-06-23 09:30,81.67,https://github.com/sahilgupta/sbi-fx-ratekeeper/blob/4cea84491ec53b80a5171463e51e04f667bcb6e5/pdf_files/2023/6/2023-06-23.pdf
2023-06-26 09:30,81.62,https://github.com/sahilgupta/sbi-fx-ratekeeper/blob/4cea84491ec53b80a5171463e51e04f667bcb6e5/pdf_files/2023/6/2023-06-26.pdf
2023-06-28 10:00,81.6,https://github.com/sahilgupta/sbi-fx-ratekeeper/blob/4cea84491ec53b80a5171463e51e04f667bcb6e5/pdf_files/2023/6/2023-06-28.pdf
2023-06-30 09:30,81.63,https://github.com/sahilgupta/sbi-fx-ratekeeper/blob/4cea84491ec53b80a5171463e51e04f667bcb6e5/pdf_files/2023/6/2023-06-30.pdf
2023-07-01 09:30,81.69,https://github.com/sahilgupta/sbi-fx-ratekeeper/blob/4cea84491ec53b80a5171463e51e04f667bcb6e5/pdf_files/2023/7/2023-07-01.pdf
2023-07-03 09:30,81.45,https://github.com/sahilgupta/sbi-fx-ratekeeper/blob/4cea84491ec53b80a5171463e51e04f667bcb6e5/pdf_files/2023/7/2023-07-03.pdf
2023-07-04 09:30,81.52,https://github.com/sahilgupta/sbi-fx-ratekeeper/blob/4cea84491ec53b80a5171463e51e04f667bcb6e5/pdf_files/2023/7/2023-07-04.pdf
2023-07-05 09:30,81.66,https://github.com/sahilgupta/sbi-fx-ratekeeper/blob/4cea84491ec53b80a5171463e51e04f667bcb6e5/pdf_files/2023/7/2023-07-05.pdf
2023-07-06 09:30,81.95,https://github.com/sahilgupta/sbi-fx-ratekeeper/blob/4cea84491ec53b80a5171463e51e04f667bcb6e5/pdf_files/2023/7/2023-07-06.pdf
2023-07-07 09:30,82.25,https://github.com/sahilgupta/sbi-fx-ratekeeper/blob/4cea84491ec53b80a5171463e51e04f667bcb6e5/pdf_files/2023/7/2023-07-07.pdf
2023-07-10 09:30,82.25,https://github.com/sahilgupta/sbi-fx-ratekeeper/blob/4cea84491ec53b80a5171463e51e04f667bcb6e5/pdf_files/2023/7/2023-07-10.pdf
2023-07-11 09:30,82.01,https://github.com/sahilgupta/sbi-fx-ratekeeper/blob/4cea84491ec53b80a5171463e51e04f667bcb6e5/pdf_files/2023/7/2023-07-11.pdf
2023-07-12 09:30,81.88,https://github.com/sahilgupta/sbi-fx-ratekeeper/blob/4cea84491ec53b80a5171463e51e04f667bcb6e5/pdf_files/2023/7/2023-07-12.pdf
2023-07-13 09:30,81.57,https://github.com/sahilgupta/sbi-fx-ratekeeper/blob/4cea84491ec53b80a5171463e51e04f667bcb6e5/pdf_files/2023/7/2023-07-13.pdf
2023-07-14 09:30,81.54,https://github.com/sahilgupta/sbi-fx-ratekeeper/blob/4cea84491ec53b80a5171463e51e04f667bcb6e5/pdf_files/2023/7/2023-07-14.pdf
2023-07-17 09:30,81.74,https://github.com/sahilgupta/sbi-fx-ratekeeper/blob/4cea84491ec53b80a5171463e51e04f667bcb6e5/pdf_files/2023/7/2023-07-17.pdf
2023-07-18 09:30,81.6,https://github.com/sahilgupta/sbi-fx-ratekeeper/blob/4cea84491ec53b80a5171463e51e04f667bcb6e5/pdf_files/2023/7/2023-07-18.pdf
2023-07-19 09:30,81.7,https://github.com/sahilgupta/sbi-fx-ratekeeper/blob/4cea84491ec53b80a5171463e51e04f667bcb6e5/pdf_files/2023/7/2023-07-19.pdf
2023-07-20 09:30,81.62,https://github.com/sahilgupta/sbi-fx-ratekeeper/blob/4cea84491ec53b80a5171463e51e04f667bcb6e5/pdf_files/2023/7/2023-07-20.pdf
2023-07-21 14:00,81.62,https://github.com/sahilgupta/sbi-fx-ratekeeper/blob/4cea84491ec53b80a5171463e51e04f667bcb6e5/pdf_files/2023/7/2023-07-21.pdf
2023-07-24 09:30,81.62,https://github.com/sahilgupta/sbi-fx-ratekeeper/blob/4cea84491ec53b80a5171463e51e04f667bcb6e5/pdf_files/2023/7/2023-07-24.pdf
2023-07-25 09:30,81.33,https://github.com/sahilgupta/sbi-fx-ratekeeper/blob/4cea84491ec53b80a5171463e51e04f667bcb6e5/pdf_files/2023/7/2023-07-25.pdf
2023-07-26 09:30,81.49,https://github.com/sahilgupta/sbi-fx-ratekeeper/blob/4cea84491ec53b80a5171463e51e04f667bcb6e5/pdf_files/2023/7/2023-07-26.pdf
2023-07-27 09:30,81.53,https://github.com/sahilgupta/sbi-fx-ratekeeper/blob/4cea84491ec53b80a5171463e51e04f667bcb6e5/pdf_files/2023/7/2023-07-27.pdf
2023-07-28 11:00,81.85,https://github.com/sahilgupta/sbi-fx-ratekeeper/blob/4cea84491ec53b80a5171463e51e04f667bcb6e5/pdf_files/2023/7/2023-07-28.pdf
2023-07-31 09:30,81.82,https://github.com/sahilgupta/sbi-fx-ratekeeper/blob/4cea84491ec53b80a5171463e51e04f667bcb6e5/pdf_files/2023/7/2023-07-31.pdf
2023-08-01 09:30,81.92,https://github.com/sahilgupta/sbi-fx-ratekeeper/blob/4cea84491ec53b80a5171463e51e04f667bcb6e5/pdf_files/2023/8/2023-08-01.pdf
2023-08-02 09:30,82.12,https://github.com/sahilgupta/sbi-fx-ratekeeper/blob/4cea84491ec53b80a5171463e51e04f667bcb6e5/pdf_files/2023/8/2023-08-02.pdf
2023-08-03 09:30,82.3,https://github.com/sahilgupta/sbi-fx-ratekeeper/blob/4cea84491ec53b80a5171463e51e04f667bcb6e5/pdf_files/2023/8/2023-08-03.pdf
2023-08-04 09:30,82.34,https://github.com/sahilgupta/sbi-fx-ratekeeper/blob/4cea84491ec53b80a5171463e51e04f667bcb6e5/pdf_files/2023/8/2023-08-04.pdf
2023-08-05 09:30,82.3,https://github.com/sahilgupta/sbi-fx-ratekeeper/blob/4cea84491ec53b80a5171463e51e04f667bcb6e5/pdf_files/2023/8/2023-08-05.pdf
2023-08-07 09:30,82.32,https://github.com/sahilgupta/sbi-fx-ratekeeper/blob/4cea84491ec53b80a5171463e51e04f667bcb6e5/pdf_files/2023/8/2023-08-07.pdf
2023-08-08 09:30,82.4,https://github.com/sahilgupta/sbi-fx-ratekeeper/blob/4cea84491ec53b80a5171463e51e04f667bcb6e5/pdf_files/2023/8/2023-08-08.pdf
2023-08-09 09:30,82.43,https://github.com/sahilgupta/sbi-fx-ratekeeper/blob/4cea84491ec53b80a5171463e51e04f667bcb6e5/pdf_files/2023/8/2023-08-09.pdf
2023-08-10 09:30,82.41,https://github.com/sahilgupta/sbi-fx-ratekeeper/blob/4cea84491ec53b80a5171463e51e04f667bcb6e5/pdf_files/2023/8/2023-08-10.pdf
2023-08-11 09:30,82.34,https://github.com/sahilgupta/sbi-fx-ratekeeper/blob/4cea84491ec53b80a5171463e51e04f667bcb6e5/pdf_files/2023/8/2023-08-11.pdf
2023-08-14 09:30,82.62,https://github.com/sahilgupta/sbi-fx-ratekeeper/blob/4cea84491ec53b80a5171463e51e04f667bcb6e5/pdf_files/2023/8/2023-08-14.pdf
2023-08-17 09:30,82.6,https://github.com/sahilgupta/sbi-fx-ratekeeper/blob/4cea84491ec53b80a5171463e51e04f667bcb6e5/pdf_files/2023/8/2023-08-17.pdf
2023-08-18 09:30,82.63,https://github.com/sahilgupta/sbi-fx-ratekeeper/blob/4cea84491ec53b80a5171463e51e04f667bcb6e5/pdf_files/2023/8/2023-08-18.pdf
2023-08-19 09:30,82.7,https://github.com/sahilgupta/sbi-fx-ratekeeper/blob/4cea84491ec53b80a5171463e51e04f667bcb6e5/pdf_files/2023/8/2023-08-19.pdf
2023-08-21 09:30,82.65,https://github.com/sahilgupta/sbi-fx-ratekeeper/blob/4cea84491ec53b80a5171463e51e04f667bcb6e5/pdf_files/2023/8/2023-08-21.pdf
2023-08-22 09:30,82.67,https://github.com/sahilgupta/sbi-fx-ratekeeper/blob/4cea84491ec53b80a5171463e51e04f667bcb6e5/pdf_files/2023/8/2023-08-22.pdf
2023-08-23 09:30,82.4,https://github.com/sahilgupta/sbi-fx-ratekeeper/blob/4cea84491ec53b80a5171463e51e04f667bcb6e5/pdf_files/2023/8/2023-08-23.pdf
2023-08-24 09:30,82.07,https://github.com/sahilgupta/sbi-fx-ratekeeper/blob/4cea84491ec53b80a5171463e51e04f667bcb6e5/pdf_files/2023/8/2023-08-24.pdf
2023-08-25 09:30,82.22,https://github.com/sahilgupta/sbi-fx-ratekeeper/blob/4cea84491ec53b80a5171463e51e04f667bcb6e5/pdf_files/2023/8/2023-08-25.pdf
2023-08-28 09:30,82.15,https://github.com/sahilgupta/sbi-fx-ratekeeper/blob/4cea84491ec53b80a5171463e51e04f667bcb6e5/pdf_files/2023/8/2023-08-28.pdf
2023-08-30 09:30,82.26,https://github.com/sahilgupta/sbi-fx-ratekeeper/blob/4cea84491ec53b80a5171463e51e04f667bcb6e5/pdf_files/2023/8/2023-08-30.pdf
2023-08-31 09:30,82.25,https://github.com/sahilgupta/sbi-fx-ratekeeper/blob/4cea84491ec53b80a5171463e51e04f667bcb6e5/pdf_files/2023/8/2023-08-31.pdf
2023-09-01 09:30,82.18,https://github.com/sahilgupta/sbi-fx-ratekeeper/blob/4cea84491ec53b80a5171463e51e04f667bcb6e5/pdf_files/2023/9/2023-09-01.pdf
2023-09-02 09:30,82.3,https://github.com/sahilgupta/sbi-fx-ratekeeper/blob/4cea84491ec53b80a5171463e51e04f667bcb6e5/pdf_files/2023/9/2023-09-02.pdf
2023-09-04 09:30,82.28,https://github.com/sahilgupta/sbi-fx-ratekeeper/blob/4cea84491ec53b80a5171463e51e04f667bcb6e5/pdf_files/2023/9/2023-09-04.pdf
2023-09-05 09:30,82.55,https://github.com/sahilgupta/sbi-fx-ratekeeper/blob/4cea84491ec53b80a5171463e51e04f667bcb6e5/pdf_files/2023/9/2023-09-05.pdf
2023-09-06 09:30,82.62,https://github.com/sahilgupta/sbi-fx-ratekeeper/blob/4cea84491ec53b80a5171463e51e04f667bcb6e5/pdf_files/2023/9/2023-09-06.pdf
2023-09-07 09:30,82.7,https://github.com/sahilgupta/sbi-fx-ratekeeper/blob/4cea84491ec53b80a5171463e51e04f667bcb6e5/pdf_files/2023/9/2023-09-07.pdf
2023-09-08 09:30,82.6,https://github.com/sahilgupta/sbi-fx-ratekeeper/blob/4cea84491ec53b80a5171463e51e04f667bcb6e5/pdf_files/2023/9/2023-09-08.pdf
2023-09-11 09:30,82.53,https://github.com/sahilgupta/sbi-fx-ratekeeper/blob/4cea84491ec53b80a5171463e51e04f667bcb6e5/pdf_files/2023/9/2023-09-11.pdf
2023-09-12 09:30,82.55,https://github.com/sahilgupta/sbi-fx-ratekeeper/blob/4cea84491ec53b80a5171463e51e04f667bcb6e5/pdf_files/2023/9/2023-09-12.pdf
2023-09-13 09:30,82.53,https://github.com/sahilgupta/sbi-fx-ratekeeper/blob/4cea84491ec53b80a5171463e51e04f667bcb6e5/pdf_files/2023/9/2023-09-13.pdf
2023-09-14 09:30,82.58,https://github.com/sahilgupta/sbi-fx-ratekeeper/blob/4cea84491ec53b80a5171463e51e04f667bcb6e5/pdf_files/2023/9/2023-09-14.pdf
2023-09-15 09:30,82.64,https://github.com/sahilgupta/sbi-fx-ratekeeper/blob/4cea84491ec53b80a5171463e51e04f667bcb6e5/pdf_files/2023/9/2023-09-15.pdf
2023-09-16 09:30,82.7,https://github.com/sahilgupta/sbi-fx-ratekeeper/blob/4cea84491ec53b80a5171463e51e04f667bcb6e5/pdf_files/2023/9/2023-09-16.pdf
2023-09-18 09:30,82.7,https://github.com/sahilgupta/sbi-fx-ratekeeper/blob/4cea84491ec53b80a5171463e51e04f667bcb6e5/pdf_files/2023/9/2023-09-18.pdf
2023-09-20 09:30,82.81,https://github.com/sahilgupta/sbi-fx-ratekeeper/blob/4cea84491ec53b80a5171463e51e04f667bcb6e5/pdf_files/2023/9/2023-09-20.pdf
2023-09-22 09:30,82.45,https://github.com/sahilgupta/sbi-fx-ratekeeper/blob/4cea84491ec53b80a5171463e51e04f667bcb6e5/pdf_files/2023/9/2023-09-22.pdf
2023-09-25 09:30,82.65,https://github.com/sahilgupta/sbi-fx-ratekeeper/blob/4cea84491ec53b80a5171463e51e04f667bcb6e5/pdf_files/2023/9/2023-09-25.pdf
2023-09-26 09:30,82.8,https://github.com/sahilgupta/sbi-fx-ratekeeper/blob/4cea84491ec53b80a5171463e51e04f667bcb6e5/pdf_files/2023/9/2023-09-26.pdf
2023-09-27 09:30,82.8,https://github.com/sahilgupta/sbi-fx-ratekeeper/blob/4cea84491ec53b80a5171463e51e04f667bcb6e5/pdf_files/2023/9/2023-09-27.pdf
2023-09-28 09:30,82.83,https://github.com/sahilgupta/sbi-fx-ratekeeper/blob/4cea84491ec53b80a5171463e51e04f667bcb6e5/pdf_files/2023/9/2023-09-28.pdf
2023-09-30 09:30,82.75,https://github.com/sahilgupta/sbi-fx-ratekeeper/blob/4cea84491ec53b80a5171463e51e04f667bcb6e5/pdf_files/2023/9/2023-09-30.pdf
2023-10-03 09:30,82.81,https://github.com/sahilgupta/sbi-fx-ratekeeper/blob/4cea84491ec53b80a5171463e51e04f667bcb6e5/pdf_files/2023/10/2023-10-03.pdf
2023-10-04 09:30,82.82,https://github.com/sahilgupta/sbi-fx-ratekeeper/blob/4cea84491ec53b80a5171463e51e04f667bcb6e5/pdf_files/2023/10/2023-10-04.pdf
2023-10-05 09:30,82.81,https://github.com/sahilgupta/sbi-fx-ratekeeper/blob/4cea84491ec53b80a5171463e51e04f667bcb6e5/pdf_files/2023/10/2023-10-05.pdf
2023-10-06 09:30,82.82,https://github.com/sahilgupta/sbi-fx-ratekeeper/blob/4cea84491ec53b80a5171463e51e04f667bcb6e5/pdf_files/2023/10/2023-10-06.pdf
2023-10-07 09:30,82.71,https://github.com/sahilgupta/sbi-fx-ratekeeper/blob/4cea84491ec53b80a5171463e51e04f667bcb6e5/pdf_files/2023/10/2023-10-07.pdf
2023-10-09 09:30,82.82,https://github.com/sahilgupta/sbi-fx-ratekeeper/blob/4cea84491ec53b80a5171463e51e04f667bcb6e5/pdf_files/2023/10/2023-10-09.pdf
2023-10-10 09:30,82.82,https://github.com/sahilgupta/sbi-fx-ratekeeper/blob/4cea84491ec53b80a5171463e51e04f667bcb6e5/pdf_files/2023/10/2023-10-10.pdf
2023-10-11 09:30,82.79,https://github.com/sahilgupta/sbi-fx-ratekeeper/blob/4cea84491ec53b80a5171463e51e04f667bcb6e5/pdf_files/2023/10/2023-10-11.pdf
2023-10-12 09:30,82.77,https://github.com/sahilgupta/sbi-fx-ratekeeper/blob/4cea84491ec53b80a5171463e51e04f667bcb6e5/pdf_files/2023/10/2023-10-12.pdf
2023-10-13 09:30,82.84,https://github.com/sahilgupta/sbi-fx-ratekeeper/blob/4cea84491ec53b80a5171463e51e04f667bcb6e5/pdf_files/2023/10/2023-10-13.pdf
2023-10-16 09:30,82.85,https://github.com/sahilgupta/sbi-fx-ratekeeper/blob/4cea84491ec53b80a5171463e51e04f667bcb6e5/pdf_files/2023/10/2023-10-16.pdf
2023-10-17 09:30,82.83,https://github.com/sahilgupta/sbi-fx-ratekeeper/blob/4cea84491ec53b80a5171463e51e04f667bcb6e5/pdf_files/2023/10/2023-10-17.pdf
2023-10-18 09:30,82.83,https://github.com/sahilgupta/sbi-fx-ratekeeper/blob/4cea84491ec53b80a5171463e51e04f667bcb6e5/pdf_files/2023/10/2023-10-18.pdf
2023-10-19 09:30,82.86,https://github.com/sahilgupta/sbi-fx-ratekeeper/blob/4cea84491ec53b80a5171463e51e04f667bcb6e5/pdf_files/2023/10/2023-10-19.pdf
2023-10-20 09:30,82.78,https://github.com/sahilgupta/sbi-fx-ratekeeper/blob/4cea84491ec53b80a5171463e51e04f667bcb6e5/pdf_files/2023/10/2023-10-20.pdf
2023-10-21 09:30,82.75,https://github.com/sahilgupta/sbi-fx-ratekeeper/blob/4cea84491ec53b80a5171463e51e04f667bcb6e5/pdf_files/2023/10/2023-10-21.pdf
2023-10-23 09:30,82.76,https://github.com/sahilgupta/sbi-fx-ratekeeper/blob/4cea84491ec53b80a5171463e51e04f667bcb6e5/pdf_files/2023/10/2023-10-23.pdf
2023-10-25 09:30,82.68,https://github.com/sahilgupta/sbi-fx-ratekeeper/blob/4cea84491ec53b80a5171463e51e04f667bcb6e5/pdf_files/2023/10/2023-10-25.pdf
2023-10-26 09:30,82.8,https://github.com/sahilgupta/sbi-fx-ratekeeper/blob/4cea84491ec53b80a5171463e51e04f667bcb6e5/pdf_files/2023/10/2023-10-26.pdf
2023-10-27 09:30,82.83,https://github.com/sahilgupta/sbi-fx-ratekeeper/blob/4cea84491ec53b80a5171463e51e04f667bcb6e5/pdf_files/2023/10/2023-10-27.pdf
2023-10-30 09:30,82.85,https://github.com/sahilgupta/sbi-fx-ratekeeper/blob/4cea84491ec53b80a5171463e51e04f667bcb6e5/pdf_files/2023/10/2023-10-30.pdf
2023-10-31 09:30,82.86,https://github.com/sahilgupta/sbi-fx-ratekeeper/blob/4cea84491ec53b80a5171463e51e04f667bcb6e5/pdf_files/2023/10/2023-10-31.pdf
2023-11-01 09:30,82.87,https://github.com/sahilgupta/sbi-fx-ratekeeper/blob/4cea84491ec53b80a5171463e51e04f667bcb6e5/pdf_files/2023/11/2023-11-01.pdf
2023-11-02 09:30,82.83,https://github.com/sahilgupta/sbi-fx-ratekeeper/blob/4cea84491ec53b80a5171463e51e04f667bcb6e5/pdf_files/2023/11/2023-11-02.pdf
2023-11-03 09:30,82.83,https://github.com/sahilgupta/sbi-fx-ratekeeper/blob/4cea84491ec53b80a5171463e51e04f667bcb6e5/pdf_files/2023/11/2023-11-03.pdf
2023-11-04 09:30,82.78,https://github.com/sahilgupta/sbi-fx-ratekeeper/blob/4cea84491ec53b80a5171463e51e04f667bcb6e5/pdf_files/2023/11/2023-11-04.pdf
2023-11-06 09:30,82.75,https://github.com/sahilgupta/sbi-fx-ratekeeper/blob/4cea84491ec53b80a5171463e51e04f667bcb6e5/pdf_files/2023/11/2023-11-06.pdf
2023-11-07 09:30,82.83,https://github.com/sahilgupta/sbi-fx-ratekeeper/blob/4cea84491ec53b80a5171463e51e04f667bcb6e5/pdf_files/2023/11/2023-11-07.pdf
2023-11-09 09:30,82.86,https://github.com/sahilgupta/sbi-fx-ratekeeper/blob/4cea84491ec53b80a5171463e51e04f667bcb6e5/pdf_files/2023/11/2023-11-09.pdf
2023-11-10 09:30,82.88,https://github.com/sahilgupta/sbi-fx-ratekeeper/blob/4cea84491ec53b80a5171463e51e04f667bcb6e5/pdf_files/2023/11/2023-11-10.pdf
2023-11-13 09:30,82.9,https://github.com/sahilgupta/sbi-fx-ratekeeper/blob/4cea84491ec53b80a5171463e51e04f667bcb6e5/pdf_files/2023/11/2023-11-13.pdf
2023-11-15 09:30,82.67,https://github.com/sahilgupta/sbi-fx-ratekeeper/blob/4cea84491ec53b80a5171463e51e04f667bcb6e5/pdf_files/2023/11/2023-11-15.pdf
2023-11-16 09:30,82.78,https://github.com/sahilgupta/sbi-fx-ratekeeper/blob/4cea84491ec53b80a5171463e51e04f667bcb6e5/pdf_files/2023/11/2023-11-16.pdf
2023-11-17 09:30,82.82,https://github.com/sahilgupta/sbi-fx-ratekeeper/blob/4cea84491ec53b80a5171463e51e04f667bcb6e5/pdf_files/2023/11/2023-11-17.pdf
2023-11-18 09:30,82.89,https://github.com/sahilgupta/sbi-fx-ratekeeper/blob/4cea84491ec53b80a5171463e51e04f667bcb6e5/pdf_files/2023/11/2023-11-18.pdf
2023-11-20 09:30,82.87,https://github.com/sahilgupta/sbi-fx-ratekeeper/blob/4cea84491ec53b80a5171463e51e04f667bcb6e5/pdf_files/2023/11/2023-11-20.pdf
2023-11-21 09:30,82.92,https://github.com/sahilgupta/sbi-fx-ratekeeper/blob/4cea84491ec53b80a5171463e51e04f667bcb6e5/pdf_files/2023/11/2023-11-21.pdf
2023-11-22 09:30,82.91,https://github.com/sahilgupta/sbi-fx-ratekeeper/blob/4cea84491ec53b80a5171463e51e04f667bcb6e5/pdf_files/2023/11/2023-11-22.pdf
2023-11-23 09:30,82.88,https://github.com/sahilgupta/sbi-fx-ratekeeper/blob/4cea84491ec53b80a5171463e51e04f667bcb6e5/pdf_files/2023/11/2023-11-23.pdf
2023-11-24 09:30,82.94,https://github.com/sahilgupta/sbi-fx-ratekeeper/blob/4cea84491ec53b80a5171463e51e04f667bcb6e5/pdf_files/2023/11/2023-11-24.pdf
2023-11-28 09:30,82.97,https://github.com/sahilgupta/sbi-fx-ratekeeper/blob/4cea84491ec53b80a5171463e51e04f667bcb6e5/pdf_files/2023/11/2023-11-28.pdf
2023-11-29 09:30,82.92,https://github.com/sahilgupta/sbi-fx-ratekeeper/blob/4cea84491ec53b80a5171463e51e04f667bcb6e5/pdf_files/2023/11/2023-11-29.pdf
2023-11-30 09:30,82.92,https://github.com/sahilgupta/sbi-fx-ratekeeper/blob/4cea84491ec53b80a5171463e51e04f667bcb6e5/pdf_files/2023/11/2023-11-30.pdf
2023-12-01 09:30,82.88,https://github.com/sahilgupta/sbi-fx-ratekeeper/blob/4cea84491ec53b80a5171463e51e04f667bcb6e5/pdf_files/2023/12/2023-12-01.pdf
2023-12-02 09:30,82.82,https://github.com/sahilgupta/sbi-fx-ratekeeper/blob/4cea84491ec53b80a5171463e51e04f667bcb6e5/pdf_files/2023/12/2023-12-02.pdf
2023-12-04 09:30,82.87,https://github.com/sahilgupta/sbi-fx-ratekeeper/blob/4cea84491ec53b80a5171463e51e04f667bcb6e5/pdf_files/2023/12/2023-12-04.pdf
2023-12-05 09:30,82.98,https://github.com/sahilgupta/sbi-fx-ratekeeper/blob/4cea84491ec53b80a5171463e51e04f667bcb6e5/pdf_files/2023/12/2023-12-05.pdf
2023-12-06 09:30,82.95,https://github.com/sahilgupta/sbi-fx-ratekeeper/blob/4cea84491ec53b80a5171463e51e04f667bcb6e5/pdf_files/2023/12/2023-12-06.pdf
2023-12-07 09:30,82.96,https://github.com/sahilgupta/sbi-fx-ratekeeper/blob/4cea84491ec53b80a5171463e51e04f667bcb6e5/pdf_files/2023/12/2023-12-07.pdf
2023-12-08 09:30,82.95,https://github.com/sahilgupta/sbi-fx-ratekeeper/blob/4cea84491ec53b80a5171463e51e04f667bcb6e5/pdf_files/2023/12/2023-12-08.pdf
2023-12-11 09:30,82.98,https://github.com/sahilgupta/sbi-fx-ratekeeper/blob/4cea84491ec53b80a5171463e51e04f667bcb6e5/pdf_files/2023/12/2023-12-11.pdf
2023-12-12 09:30,82.97,https://github.com/sahilgupta/sbi-fx-ratekeeper/blob/4cea84491ec53b80a5171463e51e04f667bcb6e5/pdf_files/2023/12/2023-12-12.pdf
2023-12-13 09:30,82.98,https://github.com/sahilgupta/sbi-fx-ratekeeper/blob/4cea84491ec53b80a5171463e51e04f667bcb6e5/pdf_files/2023/12/2023-12-13.pdf
2023-12-14 09:30,82.9,https://github.com/sahilgupta/sbi-fx-ratekeeper/blob/4cea84491ec53b80a5171463e51e04f667bcb6e5/pdf_files/2023/12/2023-12-14.pdf
2023-12-15 09:30,82.75,https://github.com/sahilgupta/sbi-fx-ratekeeper/blob/4cea84491ec53b80a5171463e51e04f667bcb6e5/pdf_files/2023/12/2023-12-15.pdf
2023-12-16 09:30,82.65,https://github.com/sahilgupta/sbi-fx-ratekeeper/blob/4cea84491ec53b80a5171463e51e04f667bcb6e5/pdf_files/2023/12/2023-12-16.pdf
2023-12-18 09:30,82.57,https://github.com/sahilgupta/sbi-fx-ratekeeper/blob/4cea84491ec53b80a5171463e51e04f667bcb6e5/pdf_files/2023/12/2023-12-18.pdf
2023-12-19 16:04,82.78,https://github.com/sahilgupta/sbi-fx-ratekeeper/blob/4cea84491ec53b80a5171463e51e04f667bcb6e5/pdf_files/2023/12/2023-12-19.pdf
2023-12-20 13:30,82.77,https://github.com/sahilgupta/sbi-fx-ratekeeper/blob/4cea84491ec53b80a5171463e51e04f667bcb6e5/pdf_files/2023/12/2023-12-20.pdf
2023-12-21 09:30,82.78,https://github.com/sahilgupta/sbi-fx-ratekeeper/blob/4cea84491ec53b80a5171463e51e04f667bcb6e5/pdf_files/2023/12/2023-12-21.pdf
2023-12-22 17:35,82.85,https://github.com/sahilgupta/sbi-fx-ratekeeper/blob/4cea84491ec53b80a5171463e51e04f667bcb6e5/pdf_files/2023/12/2023-12-22.pdf
2023-12-26 09:30,82.77,https://github.com/sahilgupta/sbi-fx-ratekeeper/blob/4cea84491ec53b80a5171463e51e04f667bcb6e5/pdf_files/2023/12/2023-12-26.pdf
2023-12-27 09:30,82.81,https://github.com/sahilgupta/sbi-fx-ratekeeper/blob/4cea84491ec53b80a5171463e51e04f667bcb6e5/pdf_files/2023/12/2023-12-27.pdf
2023-12-28 09:30,82.88,https://github.com/sahilgupta/sbi-fx-ratekeeper/blob/4cea84491ec53b80a5171463e51e04f667bcb6e5/pdf_files/2023/12/2023-12-28.pdf
2023-12-29 09:30,82.76,https://github.com/sahilgupta/sbi-fx-ratekeeper/blob/4cea84491ec53b80a5171463e51e04f667bcb6e5/pdf_files/2023/12/2023-12-29.pdf
2023-12-30 09:30,82.78,https://github.com/sahilgupta/sbi-fx-ratekeeper/blob/4cea84491ec53b80a5171463e51e04f667bcb6e5/pdf_files/2023/12/2023-12-30.pdf
2024-01-01 09:30,82.78,https://github.com/sahilgupta/sbi-fx-ratekeeper/blob/4cea84491ec53b80a5171463e51e04f667bcb6e5/pdf_files/2024/1/2024-01-01.pdf
2024-01-02 09:30,82.86,https://github.com/sahilgupta/sbi-fx-ratekeeper/blob/4cea84491ec53b80a5171463e51e04f667bcb6e5/pdf_files/2024/1/2024-01-02.pdf
2024-01-03 14:30,82.91,https://github.com/sahilgupta/sbi-fx-ratekeeper/blob/4cea84491ec53b80a5171463e51e04f667bcb6e5/pdf_files/2024/1/2024-01-03.pdf
2024-01-04 15:30,82.84,https://github.com/sahilgupta/sbi-fx-ratekeeper/blob/4cea84491ec53b80a5171463e51e04f667bcb6e5/pdf_files/2024/1/2024-01-04.pdf
2024-01-05 09:30,82.84,https://github.com/sahilgupta/sbi-fx-ratekeeper/blob/4cea84491ec53b80a5171463e51e04f667bcb6e5/pdf_files/2024/1/2024-01-05.pdf
2024-01-06 09:30,82.74,https://github.com/sahilgupta/sbi-fx-ratekeeper/blob/4cea84491ec53b80a5171463e51e04f667bcb6e5/pdf_files/2024/1/2024-01-06.pdf
2024-01-08 09:30,82.71,https://github.com/sahilgupta/sbi-fx-ratekeeper/blob/4cea84491ec53b80a5171463e51e04f667bcb6e5/pdf_files/2024/1/2024-01-08.pdf
2024-01-09 09:30,82.66,https://github.com/sahilgupta/sbi-fx-ratekeeper/blob/4cea84491ec53b80a5171463e51e04f667bcb6e5/pdf_files/2024/1/2024-01-09.pdf
2024-01-10 09:30,82.74,https://github.com/sahilgupta/sbi-fx-ratekeeper/blob/4cea84491ec53b80a5171463e51e04f667bcb6e5/pdf_files/2024/1/2024-01-10.pdf
2024-01-11 09:30,82.66,https://github.com/sahilgupta/sbi-fx-ratekeeper/blob/4cea84491ec53b80a5171463e51e04f667bcb6e5/pdf_files/2024/1/2024-01-11.pdf
2024-01-12 09:30,82.68,https://github.com/sahilgupta/sbi-fx-ratekeeper/blob/4cea84491ec53b80a5171463e51e04f667bcb6e5/pdf_files/2024/1/2024-01-12.pdf
2024-01-15 09:30,82.43,https://github.com/sahilgupta/sbi-fx-ratekeeper/blob/4cea84491ec53b80a5171463e51e04f667bcb6e5/pdf_files/2024/1/2024-01-15.pdf
2024-01-16 09:30,82.55,https://github.com/sahilgupta/sbi-fx-ratekeeper/blob/4cea84491ec53b80a5171463e51e04f667bcb6e5/pdf_files/2024/1/2024-01-16.pdf
2024-01-17 09:30,82.73,https://github.com/sahilgupta/sbi-fx-ratekeeper/blob/4cea84491ec53b80a5171463e51e04f667bcb6e5/pdf_files/2024/1/2024-01-17.pdf
2024-01-18 09:30,82.73,https://github.com/sahilgupta/sbi-fx-ratekeeper/blob/4cea84491ec53b80a5171463e51e04f667bcb6e5/pdf_files/2024/1/2024-01-18.pdf
2024-01-19 09:30,82.75,https://github.com/sahilgupta/sbi-fx-ratekeeper/blob/4cea84491ec53b80a5171463e51e04f667bcb6e5/pdf_files/2024/1/2024-01-19.pdf
2024-01-20 09:30,82.68,https://github.com/sahilgupta/sbi-fx-ratekeeper/blob/4cea84491ec53b80a5171463e51e04f667bcb6e5/pdf_files/2024/1/2024-01-20.pdf
2024-01-23 12:52,82.73,https://github.com/sahilgupta/sbi-fx-ratekeeper/blob/4cea84491ec53b80a5171463e51e04f667bcb6e5/pdf_files/2024/1/2024-01-23.pdf
2024-01-24 09:30,82.75,https://github.com/sahilgupta/sbi-fx-ratekeeper/blob/4cea84491ec53b80a5171463e51e04f667bcb6e5/pdf_files/2024/1/2024-01-24.pdf
2024-01-25 09:30,82.73,https://github.com/sahilgupta/sbi-fx-ratekeeper/blob/4cea84491ec53b80a5171463e51e04f667bcb6e5/pdf_files/2024/1/2024-01-25.pdf
2024-01-29 09:30,82.74,https://github.com/sahilgupta/sbi-fx-ratekeeper/blob/4cea84491ec53b80a5171463e51e04f667bcb6e5/pdf_files/2024/1/2024-01-29.pdf
2024-01-30 09:30,82.74,https://github.com/sahilgupta/sbi-fx-ratekeeper/blob/4cea84491ec53b80a5171463e51e04f667bcb6e5/pdf_files/2024/1/2024-01-30.pdf
2024-01-31 09:30,82.72,https://github.com/sahilgupta/sbi-fx-ratekeeper/blob/4cea84491ec53b80a5171463e51e04f667bcb6e5/pdf_files/2024/1/2024-01-31.pdf
2024-02-01 09:30,82.63,https://github.com/sahilgupta/sbi-fx-ratekeeper/blob/4cea84491ec53b80a5171463e51e04f667bcb6e5/pdf_files/2024/2/2024-02-01.pdf
2024-02-02 09:30,82.52,https://github.com/sahilgupta/sbi-fx-ratekeeper/blob/4cea84491ec53b80a5171463e51e04f667bcb6e5/pdf_files/2024/2/2024-02-02.pdf
2024-02-03 09:30,82.6,https://github.com/sahilgupta/sbi-fx-ratekeeper/blob/4cea84491ec53b80a5171463e51e04f667bcb6e5/pdf_files/2024/2/2024-02-03.pdf
2024-02-05 09:30,82.64,https://github.com/sahilgupta/sbi-fx-ratekeeper/blob/4cea84491ec53b80a5171463e51e04f667bcb6e5/pdf_files/2024/2/2024-02-05.pdf
2024-02-06 09:30,82.64,https://github.com/sahilgupta/sbi-fx-ratekeeper/blob/4cea84491ec53b80a5171463e51e04f667bcb6e5/pdf_files/2024/2/2024-02-06.pdf
2024-02-07 09:30,82.64,https://github.com/sahilgupta/sbi-fx-ratekeeper/blob/4cea84491ec53b80a5171463e51e04f667bcb6e5/pdf_files/2024/2/2024-02-07.pdf
2024-02-08 09:30,82.56,https://github.com/sahilgupta/sbi-fx-ratekeeper/blob/4cea84491ec53b80a5171463e51e04f667bcb6e5/pdf_files/2024/2/2024-02-08.pdf
2024-02-09 09:30,82.57,https://github.com/sahilgupta/sbi-fx-ratekeeper/blob/4cea84491ec53b80a5171463e51e04f667bcb6e5/pdf_files/2024/2/2024-02-09.pdf
2024-02-12 09:30,82.63,https://github.com/sahilgupta/sbi-fx-ratekeeper/blob/4cea84491ec53b80a5171463e51e04f667bcb6e5/pdf_files/2024/2/2024-02-12.pdf
2024-02-13 09:30,82.59,https://github.com/sahilgupta/sbi-fx-ratekeeper/blob/4cea84491ec53b80a5171463e51e04f667bcb6e5/pdf_files/2024/2/2024-02-13.pdf
2024-02-14 09:30,82.7,https://github.com/sahilgupta/sbi-fx-ratekeeper/blob/4cea84491ec53b80a5171463e51e04f667bcb6e5/pdf_files/2024/2/2024-02-14.pdf
2024-02-15 09:30,82.6,https://github.com/sahilgupta/sbi-fx-ratekeeper/blob/4cea84491ec53b80a5171463e51e04f667bcb6e5/pdf_files/2024/2/2024-02-15.pdf
2024-02-16 09:30,82.63,https://github.com/sahilgupta/sbi-fx-ratekeeper/blob/4cea84491ec53b80a5171463e51e04f667bcb6e5/pdf_files/2024/2/2024-02-16.pdf
2024-02-17 09:30,82.61,https://github.com/sahilgupta/sbi-fx-ratekeeper/blob/4cea84491ec53b80a5171463e51e04f667bcb6e5/pdf_files/2024/2/2024-02-17.pdf
2024-02-20 09:30,82.62,https://github.com/sahilgupta/sbi-fx-ratekeeper/blob/4cea84491ec53b80a5171463e51e04f667bcb6e5/pdf_files/2024/2/2024-02-20.pdf
2024-02-21 09:30,82.51,https://github.com/sahilgupta/sbi-fx-ratekeeper/blob/4cea84491ec53b80a5171463e51e04f667bcb6e5/pdf_files/2024/2/2024-02-21.pdf
2024-02-22 09:30,82.54,https://github.com/sahilgupta/sbi-fx-ratekeeper/blob/4cea84491ec53b80a5171463e51e04f667bcb6e5/pdf_files/2024/2/2024-02-22.pdf
2024-02-23 09:30,82.46,https://github.com/sahilgupta/sbi-fx-ratekeeper/blob/4cea84491ec53b80a5171463e51e04f667bcb6e5/pdf_files/2024/2/2024-02-23.pdf
2024-02-26 09:30,82.49,https://github.com/sahilgupta/sbi-fx-ratekeeper/blob/4cea84491ec53b80a5171463e51e04f667bcb6e5/pdf_files/2024/2/2024-02-26.pdf
2024-02-27 09:30,82.48,https://github.com/sahilgupta/sbi-fx-ratekeeper/blob/4cea84491ec53b80a5171463e51e04f667bcb6e5/pdf_files/2024/2/2024-02-27.pdf
2024-02-28 09:30,82.5,https://github.com/sahilgupta/sbi-fx-ratekeeper/blob/4cea84491ec53b80a5171463e51e04f667bcb6e5/pdf_files/2024/2/2024-02-28.pdf
2024-02-29 09:30,82.49,https://github.com/sahilgupta/sbi-fx-ratekeeper/blob/4cea84491ec53b80a5171463e51e04f667bcb6e5/pdf_files/2024/2/2024-02-29.pdf
2024-03-01 09:30,82.47,https://github.com/sahilgupta/sbi-fx-ratekeeper/blob/4cea84491ec53b80a5171463e51e04f667bcb6e5/pdf_files/2024/3/2024-03-01.pdf
2024-03-02 09:30,82.45,https://github.com/sahilgupta/sbi-fx-ratekeeper/blob/4cea84491ec53b80a5171463e51e04f667bcb6e5/pdf_files/2024/3/2024-03-02.pdf
2024-03-04 09:30,82.46,https://github.com/sahilgupta/sbi-fx-ratekeeper/blob/4cea84491ec53b80a5171463e51e04f667bcb6e5/pdf_files/2024/3/2024-03-04.pdf
2024-03-05 09:30,82.5,https://github.com/sahilgupta/sbi-fx-ratekeeper/blob/4cea84491ec53b80a5171463e51e04f667bcb6e5/pdf_files/2024/3/2024-03-05.pdf
2024-03-06 09:30,82.51,https://github.com/sahilgupta/sbi-fx-ratekeeper/blob/4cea84491ec53b80a5171463e51e04f667bcb6e5/pdf_files/2024/3/2024-03-06.pdf
2024-03-07 09:30,82.42,https://github.com/sahilgupta/sbi-fx-ratekeeper/blob/4cea84491ec53b80a5171463e51e04f667bcb6e5/pdf_files/2024/3/2024-03-07.pdf
2024-03-11 09:30,82.32,https://github.com/sahilgupta/sbi-fx-ratekeeper/blob/4cea84491ec53b80a5171463e51e04f667bcb6e5/pdf_files/2024/3/2024-03-11.pdf
2024-03-12 09:30,82.33,https://github.com/sahilgupta/sbi-fx-ratekeeper/blob/4cea84491ec53b80a5171463e51e04f667bcb6e5/pdf_files/2024/3/2024-03-12.pdf
2024-03-13 09:30,82.42,https://github.com/sahilgupta/sbi-fx-ratekeeper/blob/4cea84491ec53b80a5171463e51e04f667bcb6e5/pdf_files/2024/3/2024-03-13.pdf
2024-03-14 09:30,82.44,https://github.com/sahilgupta/sbi-fx-ratekeeper/blob/4cea84491ec53b80a5171463e51e04f667bcb6e5/pdf_files/2024/3/2024-03-14.pdf
2024-03-15 09:30,82.55,https://github.com/sahilgupta/sbi-fx-ratekeeper/blob/4cea84491ec53b80a5171463e51e04f667bcb6e5/pdf_files/2024/3/2024-03-15.pdf
2024-03-16 09:30,82.49,https://github.com/sahilgupta/sbi-fx-ratekeeper/blob/4cea84491ec53b80a5171463e51e04f667bcb6e5/pdf_files/2024/3/2024-03-16.pdf
2024-03-18 09:30,82.45,https://github.com/sahilgupta/sbi-fx-ratekeeper/blob/4cea84491ec53b80a5171463e51e04f667bcb6e5/pdf_files/2024/3/2024-03-18.pdf
2024-03-19 09:30,82.54,https://github.com/sahilgupta/sbi-fx-ratekeeper/blob/4cea84491ec53b80a5171463e51e04f667bcb6e5/pdf_files/2024/3/2024-03-19.pdf
2024-03-20 09:30,82.61,https://github.com/sahilgupta/sbi-fx-ratekeeper/blob/4cea84491ec53b80a5171463e51e04f667bcb6e5/pdf_files/2024/3/2024-03-20.pdf
2024-03-21 09:30,82.68,https://github.com/sahilgupta/sbi-fx-ratekeeper/blob/4cea84491ec53b80a5171463e51e04f667bcb6e5/pdf_files/2024/3/2024-03-21.pdf
2024-03-22 09:30,82.88,https://github.com/sahilgupta/sbi-fx-ratekeeper/blob/4cea84491ec53b80a5171463e51e04f667bcb6e5/pdf_files/2024/3/2024-03-22.pdf
2024-03-26 09:30,82.95,https://github.com/sahilgupta/sbi-fx-ratekeeper/blob/4cea84491ec53b80a5171463e51e04f667bcb6e5/pdf_files/2024/3/2024-03-26.pdf
2024-03-27 09:30,82.93,https://github.com/sahilgupta/sbi-fx-ratekeeper/blob/4cea84491ec53b80a5171463e51e04f667bcb6e5/pdf_files/2024/3/2024-03-27.pdf
2024-03-28 09:30,82.93,https://github.com/sahilgupta/sbi-fx-ratekeeper/blob/4cea84491ec53b80a5171463e51e04f667bcb6e5/pdf_files/2024/3/2024-03-28.pdf
2024-03-30 09:30,82.95,https://github.com/sahilgupta/sbi-fx-ratekeeper/blob/4cea84491ec53b80a5171463e51e04f667bcb6e5/pdf_files/2024/3/2024-03-30.pdf
2024-04-02 09:30,82.97,https://github.com/sahilgupta/sbi-fx-ratekeeper/blob/4cea84491ec53b80a5171463e51e04f667bcb6e5/pdf_files/2024/4/2024-04-02.pdf
2024-04-03 09:30,82.97,https://github.com/sahilgupta/sbi-fx-ratekeeper/blob/4cea84491ec53b80a5171463e51e04f667bcb6e5/pdf_files/2024/4/2024-04-03.pdf
2024-04-04 09:30,83.03,https://github.com/sahilgupta/sbi-fx-ratekeeper/blob/4cea84491ec53b80a5171463e51e04f667bcb6e5/pdf_files/2024/4/2024-04-04.pdf
2024-04-05 09:30,83.04,https://github.com/sahilgupta/sbi-fx-ratekeeper/blob/4cea84491ec53b80a5171463e51e04f667bcb6e5/pdf_files/2024/4/2024-04-05.pdf
2024-04-06 09:30,82.92,https://github.com/sahilgupta/sbi-fx-ratekeeper/blob/4cea84491ec53b80a5171463e51e04f667bcb6e5/pdf_files/2024/4/2024-04-06.pdf
2024-04-08 09:30,82.87,https://github.com/sahilgupta/sbi-fx-ratekeeper/blob/4cea84491ec53b80a5171463e51e04f667bcb6e5/pdf_files/2024/4/2024-04-08.pdf
2024-04-10 09:30,82.82,https://github.com/sahilgupta/sbi-fx-ratekeeper/blob/4cea84491ec53b80a5171463e51e04f667bcb6e5/pdf_files/2024/4/2024-04-10.pdf
2024-04-12 09:30,82.96,https://github.com/sahilgupta/sbi-fx-ratekeeper/blob/4cea84491ec53b80a5171463e51e04f667bcb6e5/pdf_files/2024/4/2024-04-12.pdf
2024-04-15 09:30,83.04,https://github.com/sahilgupta/sbi-fx-ratekeeper/blob/4cea84491ec53b80a5171463e51e04f667bcb6e5/pdf_files/2024/4/2024-04-15.pdf
2024-04-16 09:30,83.1,https://github.com/sahilgupta/sbi-fx-ratekeeper/blob/4cea84491ec53b80a5171463e51e04f667bcb6e5/pdf_files/2024/4/2024-04-16.pdf
2024-04-18 09:30,83.1,https://github.com/sahilgupta/sbi-fx-ratekeeper/blob/4cea84491ec53b80a5171463e51e04f667bcb6e5/pdf_files/2024/4/2024-04-18.pdf
2024-04-19 09:30,83.17,https://github.com/sahilgupta/sbi-fx-ratekeeper/blob/4cea84491ec53b80a5171463e51e04f667bcb6e5/pdf_files/2024/4/2024-04-19.pdf
2024-04-20 09:30,82.97,https://github.com/sahilgupta/sbi-fx-ratekeeper/blob/4cea84491ec53b80a5171463e51e04f667bcb6e5/pdf_files/2024/4/2024-04-20.pdf
2024-04-22 09:30,83.01,https://github.com/sahilgupta/sbi-fx-ratekeeper/blob/4cea84491ec53b80a5171463e51e04f667bcb6e5/pdf_files/2024/4/2024-04-22.pdf
2024-04-23 09:30,82.97,https://github.com/sahilgupta/sbi-fx-ratekeeper/blob/4cea84491ec53b80a5171463e51e04f667bcb6e5/pdf_files/2024/4/2024-04-23.pdf
2024-04-24 09:30,82.9,https://github.com/sahilgupta/sbi-fx-ratekeeper/blob/4cea84491ec53b80a5171463e51e04f667bcb6e5/pdf_files/2024/4/2024-04-24.pdf
2024-04-25 09:30,82.94,https://github.com/sahilgupta/sbi-fx-ratekeeper/blob/4cea84491ec53b80a5171463e51e04f667bcb6e5/pdf_files/2024/4/2024-04-25.pdf
2024-04-26 09:30,82.9,https://github.com/sahilgupta/sbi-fx-ratekeeper/blob/4cea84491ec53b80a5171463e51e04f667bcb6e5/pdf_files/2024/4/2024-04-26.pdf
2024-05-02 09:30,83.03,https://github.com/sahilgupta/sbi-fx-ratekeeper/blob/4cea84491ec53b80a5171463e51e04f667bcb6e5/pdf_files/2024/5/2024-05-02.pdf
2024-05-03 09:30,82.99,https://github.com/sahilgupta/sbi-fx-ratekeeper/blob/4cea84491ec53b80a5171463e51e04f667bcb6e5/pdf_files/2024/5/2024-05-03.pdf
2024-05-04 09:30,82.98,https://github.com/sahilgupta/sbi-fx-ratekeeper/blob/4cea84491ec53b80a5171463e51e04f667bcb6e5/pdf_files/2024/5/2024-05-04.pdf
2024-05-07 09:30,83.08,https://github.com/sahilgupta/sbi-fx-ratekeeper/blob/4cea84491ec53b80a5171463e51e04f667bcb6e5/pdf_files/2024/5/2024-05-07.pdf
2024-05-08 09:30,83.1,https://github.com/sahilgupta/sbi-fx-ratekeeper/blob/4cea84491ec53b80a5171463e51e04f667bcb6e5/pdf_files/2024/5/2024-05-08.pdf
2024-05-09 09:30,83.09,https://github.com/sahilgupta/sbi-fx-ratekeeper/blob/4cea84491ec53b80a5171463e51e04f667bcb6e5/pdf_files/2024/5/2024-05-09.pdf
2024-05-10 09:30,83.08,https://github.com/sahilgupta/sbi-fx-ratekeeper/blob/4cea84491ec53b80a5171463e51e04f667bcb6e5/pdf_files/2024/5/2024-05-10.pdf
2024-05-13 09:30,83.11,https://github.com/sahilgupta/sbi-fx-ratekeeper/blob/4cea84491ec53b80a5171463e51e04f667bcb6e5/pdf_files/2024/5/2024-05-13.pdf
2024-05-14 09:30,83.11,https://github.com/sahilgupta/sbi-fx-ratekeeper/blob/4cea84491ec53b80a5171463e51e04f667bcb6e5/pdf_files/2024/5/2024-05-14.pdf
2024-05-15 09:30,83.09,https://github.com/sahilgupta/sbi-fx-ratekeeper/blob/4cea84491ec53b80a5171463e51e04f667bcb6e5/pdf_files/2024/5/2024-05-15.pdf
2024-05-16 09:30,83.05,https://github.com/sahilgupta/sbi-fx-ratekeeper/blob/4cea84491ec53b80a5171463e51e04f667bcb6e5/pdf_files/2024/5/2024-05-16.pdf
2024-05-17 09:30,83.1,https://github.com/sahilgupta/sbi-fx-ratekeeper/blob/4cea84491ec53b80a5171463e51e04f667bcb6e5/pdf_files/2024/5/2024-05-17.pdf
2024-05-18 09:30,82.95,https://github.com/sahilgupta/sbi-fx-ratekeeper/blob/4cea84491ec53b80a5171463e51e04f667bcb6e5/pdf_files/2024/5/2024-05-18.pdf
2024-05-21 09:30,82.91,https://github.com/sahilgupta/sbi-fx-ratekeeper/blob/4cea84491ec53b80a5171463e51e04f667bcb6e5/pdf_files/2024/5/2024-05-21.pdf
2024-05-22 09:30,82.91,https://github.com/sahilgupta/sbi-fx-ratekeeper/blob/4cea84491ec53b80a5171463e51e04f667bcb6e5/pdf_files/2024/5/2024-05-22.pdf
2024-05-24 09:30,82.85,https://github.com/sahilgupta/sbi-fx-ratekeeper/blob/4cea84491ec53b80a5171463e51e04f667bcb6e5/pdf_files/2024/5/2024-05-24.pdf
2024-05-27 09:30,82.69,https://github.com/sahilgupta/sbi-fx-ratekeeper/blob/4cea84491ec53b80a5171463e51e04f667bcb6e5/pdf_files/2024/5/2024-05-27.pdf
2024-05-28 09:30,82.74,https://github.com/sahilgupta/sbi-fx-ratekeeper/blob/4cea84491ec53b80a5171463e51e04f667bcb6e5/pdf_files/2024/5/2024-05-28.pdf
2024-05-29 09:30,82.82,https://github.com/sahilgupta/sbi-fx-ratekeeper/blob/4cea84491ec53b80a5171463e51e04f667bcb6e5/pdf_files/2024/5/2024-05-29.pdf
2024-05-30 09:30,83.02,https://github.com/sahilgupta/sbi-fx-ratekeeper/blob/4cea84491ec53b80a5171463e51e04f667bcb6e5/pdf_files/2024/5/2024-05-30.pdf
2024-05-31 09:30,83.05,https://github.com/sahilgupta/sbi-fx-ratekeeper/blob/4cea84491ec53b80a5171463e51e04f667bcb6e5/pdf_files/2024/5/2024-05-31.pdf
2024-06-01 09:30,83,https://github.com/sahilgupta/sbi-fx-ratekeeper/blob/4cea84491ec53b80a5171463e51e04f667bcb6e5/pdf_files/2024/6/2024-06-01.pdf
2024-06-03 09:30,82.61,https://github.com/sahilgupta/sbi-fx-ratekeeper/blob/4cea84491ec53b80a5171463e51e04f667bcb6e5/pdf_files/2024/6/2024-06-03.pdf
2024-06-04 11:30,83.05,https://github.com/sahilgupta/sbi-fx-ratekeeper/blob/4cea84491ec53b80a5171463e51e04f667bcb6e5/pdf_files/2024/6/2024-06-04.pdf
2024-06-04 16:00,83.15,https://github.com/sahilgupta/sbi-fx-ratekeeper/blob/4cea84491ec53b80a5171463e51e04f667bcb6e5/pdf_files/2024/6/2024-06-04.pdf
2024-06-05 09:30,83.05,https://github.com/sahilgupta/sbi-fx-ratekeeper/blob/4cea84491ec53b80a5171463e51e04f667bcb6e5/pdf_files/2024/6/2024-06-05.pdf
2024-06-06 09:30,83,https://github.com/sahilgupta/sbi-fx-ratekeeper/blob/4cea84491ec53b80a5171463e51e04f667bcb6e5/pdf_files/2024/6/2024-06-06.pdf
2024-06-07 09:30,83.05,https://github.com/sahilgupta/sbi-fx-ratekeeper/blob/4cea84491ec53b80a5171463e51e04f667bcb6e5/pdf_files/2024/6/2024-06-07.pdf
2024-06-10 09:30,83.09,https://github.com/sahilgupta/sbi-fx-ratekeeper/blob/4cea84491ec53b80a5171463e51e04f667bcb6e5/pdf_files/2024/6/2024-06-10.pdf
2024-06-12 09:30,83.1,https://github.com/sahilgupta/sbi-fx-ratekeeper/blob/4cea84491ec53b80a5171463e51e04f667bcb6e5/pdf_files/2024/6/2024-06-12.pdf
2024-06-13 09:30,83.13,https://github.com/sahilgupta/sbi-fx-ratekeeper/blob/4cea84491ec53b80a5171463e51e04f667bcb6e5/pdf_files/2024/6/2024-06-13.pdf
2024-06-14 09:30,83.14,https://github.com/sahilgupta/sbi-fx-ratekeeper/blob/4cea84491ec53b80a5171463e51e04f667bcb6e5/pdf_files/2024/6/2024-06-14.pdf
2024-06-15 09:30,83.15,https://github.com/sahilgupta/sbi-fx-ratekeeper/blob/4cea84491ec53b80a5171463e51e04f667bcb6e5/pdf_files/2024/6/2024-06-15.pdf
2024-06-18 09:30,83.12,https://github.com/sahilgupta/sbi-fx-ratekeeper/blob/4cea84491ec53b80a5171463e51e04f667bcb6e5/pdf_files/2024/6/2024-06-18.pdf
2024-06-19 09:30,82.98,https://github.com/sahilgupta/sbi-fx-ratekeeper/blob/4cea84491ec53b80a5171463e51e04f667bcb6e5/pdf_files/2024/6/2024-06-19.pdf
2024-06-20 14:30,83.2,https://github.com/sahilgupta/sbi-fx-ratekeeper/blob/4cea84491ec53b80a5171463e51e04f667bcb6e5/pdf_files/2024/6/2024-06-20.pdf
2024-06-21 09:30,83.19,https://github.com/sahilgupta/sbi-fx-ratekeeper/blob/4cea84491ec53b80a5171463e51e04f667bcb6e5/pdf_files/2024/6/2024-06-21.pdf
2024-06-24 09:30,83.08,https://github.com/sahilgupta/sbi-fx-ratekeeper/blob/4cea84491ec53b80a5171463e51e04f667bcb6e5/pdf_files/2024/6/2024-06-24.pdf
2024-06-25 09:30,83.09,https://github.com/sahilgupta/sbi-fx-ratekeeper/blob/4cea84491ec53b80a5171463e51e04f667bcb6e5/pdf_files/2024/6/2024-06-25.pdf
2024-06-26 09:30,83.05,https://github.com/sahilgupta/sbi-fx-ratekeeper/blob/4cea84491ec53b80a5171463e51e04f667bcb6e5/pdf_files/2024/6/2024-06-26.pdf
2024-06-27 09:30,83.12,https://github.com/sahilgupta/sbi-fx-ratekeeper/blob/4cea84491ec53b80a5171463e51e04f667bcb6e5/pdf_files/2024/6/2024-06-27.pdf
2024-06-28 09:30,83,https://github.com/sahilgupta/sbi-fx-ratekeeper/blob/4cea84491ec53b80a5171463e51e04f667bcb6e5/pdf_files/2024/6/2024-06-28.pdf
2024-06-29 09:30,83,https://github.com/sahilgupta/sbi-fx-ratekeeper/blob/4cea84491ec53b80a5171463e51e04f667bcb6e5/pdf_files/2024/6/2024-06-29.pdf
2024-07-01 09:30,82.99,https://github.com/sahilgupta/sbi-fx-ratekeeper/blob/4cea84491ec53b80a5171463e51e04f667bcb6e5/pdf_files/2024/7/2024-07-01.pdf
2024-07-02 09:30,83.11,https://github.com/sahilgupta/sbi-fx-ratekeeper/blob/4cea84491ec53b80a5171463e51e04f667bcb6e5/pdf_files/2024/7/2024-07-02.pdf
2024-07-03 09:30,83.12,https://github.com/sahilgupta/sbi-fx-ratekeeper/blob/4cea84491ec53b80a5171463e51e04f667bcb6e5/pdf_files/2024/7/2024-07-03.pdf
2024-07-04 09:30,83.13,https://github.com/sahilgupta/sbi-fx-ratekeeper/blob/4cea84491ec53b80a5171463e51e04f667bcb6e5/pdf_files/2024/7/2024-07-04.pdf
2024-07-05 09:30,83.06,https://github.com/sahilgupta/sbi-fx-ratekeeper/blob/4cea84491ec53b80a5171463e51e04f667bcb6e5/pdf_files/2024/7/2024-07-05.pdf
2024-07-06 09:30,83.06,https://github.com/sahilgupta/sbi-fx-ratekeeper/blob/4cea84491ec53b80a5171463e51e04f667bcb6e5/pdf_files/2024/7/2024-07-06.pdf
2024-07-08 09:30,83.05,https://github.com/sahilgupta/sbi-fx-ratekeeper/blob/4cea84491ec53b80a5171463e51e04f667bcb6e5/pdf_files/2024/7/2024-07-08.pdf
2024-07-09 09:30,83.08,https://github.com/sahilgupta/sbi-fx-ratekeeper/blob/4cea84491ec53b80a5171463e51e04f667bcb6e5/pdf_files/2024/7/2024-07-09.pdf
2024-07-10 09:30,83.1,https://github.com/sahilgupta/sbi-fx-ratekeeper/blob/4cea84491ec53b80a5171463e51e04f667bcb6e5/pdf_files/2024/7/2024-07-10.pdf
2024-07-11 09:30,83.1,https://github.com/sahilgupta/sbi-fx-ratekeeper/blob/4cea84491ec53b80a5171463e51e04f667bcb6e5/pdf_files/2024/7/2024-07-11.pdf
2024-07-12 09:30,83.14,https://github.com/sahilgupta/sbi-fx-ratekeeper/blob/4cea84491ec53b80a5171463e51e04f667bcb6e5/pdf_files/2024/7/2024-07-12.pdf
2024-07-15 09:30,83.14,https://github.com/sahilgupta/sbi-fx-ratekeeper/blob/4cea84491ec53b80a5171463e51e04f667bcb6e5/pdf_files/2024/7/2024-07-15.pdf
2024-07-16 09:30,83.19,https://github.com/sahilgupta/sbi-fx-ratekeeper/blob/4cea84491ec53b80a5171463e51e04f667bcb6e5/pdf_files/2024/7/2024-07-16.pdf
2024-07-18 09:30,83.18,https://github.com/sahilgupta/sbi-fx-ratekeeper/blob/4cea84491ec53b80a5171463e51e04f667bcb6e5/pdf_files/2024/7/2024-07-18.pdf
2024-07-19 09:30,83.23,https://github.com/sahilgupta/sbi-fx-ratekeeper/blob/4cea84491ec53b80a5171463e51e04f667bcb6e5/pdf_files/2024/7/2024-07-19.pdf
2024-07-20 09:30,83.3,https://github.com/sahilgupta/sbi-fx-ratekeeper/blob/4cea84491ec53b80a5171463e51e04f667bcb6e5/pdf_files/2024/7/2024-07-20.pdf
2024-07-22 09:30,83.27,https://github.com/sahilgupta/sbi-fx-ratekeeper/blob/4cea84491ec53b80a5171463e51e04f667bcb6e5/pdf_files/2024/7/2024-07-22.pdf
2024-07-23 09:30,83.24,https://github.com/sahilgupta/sbi-fx-ratekeeper/blob/4cea84491ec53b80a5171463e51e04f667bcb6e5/pdf_files/2024/7/2024-07-23.pdf
2024-07-24 09:30,83.29,https://github.com/sahilgupta/sbi-fx-ratekeeper/blob/4cea84491ec53b80a5171463e51e04f667bcb6e5/pdf_files/2024/7/2024-07-24.pdf
2024-07-25 09:30,83.31,https://github.com/sahilgupta/sbi-fx-ratekeeper/blob/4cea84491ec53b80a5171463e51e04f667bcb6e5/pdf_files/2024/7/2024-07-25.pdf
2024-07-26 09:30,83.33,https://github.com/sahilgupta/sbi-fx-ratekeeper/blob/4cea84491ec53b80a5171463e51e04f667bcb6e5/pdf_files/2024/7/2024-07-26.pdf
2024-07-29 09:30,83.31,https://github.com/sahilgupta/sbi-fx-ratekeeper/blob/4cea84491ec53b80a5171463e51e04f667bcb6e5/pdf_files/2024/7/2024-07-29.pdf
2024-07-30 09:30,83.33,https://github.com/sahilgupta/sbi-fx-ratekeeper/blob/4cea84491ec53b80a5171463e51e04f667bcb6e5/pdf_files/2024/7/2024-07-30.pdf
2024-07-31 09:30,83.32,https://github.com/sahilgupta/sbi-fx-ratekeeper/blob/4cea84491ec53b80a5171463e51e04f667bcb6e5/pdf_files/2024/7/2024-07-31.pdf
2024-08-01 09:30,83.28,https://github.com/sahilgupta/sbi-fx-ratekeeper/blob/4cea84491ec53b80a5171463e51e04f667bcb6e5/pdf_files/2024/8/2024-08-01.pdf
2024-08-02 09:30,83.33,https://github.com/sahilgupta/sbi-fx-ratekeeper/blob/4cea84491ec53b80a5171463e51e04f667bcb6e5/pdf_files/2024/8/2024-08-02.pdf
2024-08-03 09:30,83.35,https://github.com/sahilgupta/sbi-fx-ratekeeper/blob/4cea84491ec53b80a5171463e51e04f667bcb6e5/pdf_files/2024/8/2024-08-03.pdf
2024-08-05 09:30,83.4,https://github.com/sahilgupta/sbi-fx-ratekeeper/blob/4cea84491ec53b80a5171463e51e04f667bcb6e5/pdf_files/2024/8/2024-08-05.pdf
2024-08-06 09:30,83.46,https://github.com/sahilgupta/sbi-fx-ratekeeper/blob/4cea84491ec53b80a5171463e51e04f667bcb6e5/pdf_files/2024/8/2024-08-06.pdf
2024-08-07 09:30,83.48,https://github.com/sahilgupta/sbi-fx-ratekeeper/blob/4cea84491ec53b80a5171463e51e04f667bcb6e5/pdf_files/2024/8/2024-08-07.pdf
2024-08-08 09:30,83.54,https://github.com/sahilgupta/sbi-fx-ratekeeper/blob/4cea84491ec53b80a5171463e51e04f667bcb6e5/pdf_files/2024/8/2024-08-08.pdf
2024-08-09 09:30,83.55,https://github.com/sahilgupta/sbi-fx-ratekeeper/blob/4cea84491ec53b80a5171463e51e04f667bcb6e5/pdf_files/2024/8/2024-08-09.pdf
2024-08-12 09:30,83.55,https://github.com/sahilgupta/sbi-fx-ratekeeper/blob/4cea84491ec53b80a5171463e51e04f667bcb6e5/pdf_files/2024/8/2024-08-12.pdf
2024-08-13 09:30,83.55,https://github.com/sahilgupta/sbi-fx-ratekeeper/blob/4cea84491ec53b80a5171463e51e04f667bcb6e5/pdf_files/2024/8/2024-08-13.pdf
2024-08-14 09:30,83.51,https://github.com/sahilgupta/sbi-fx-ratekeeper/blob/4cea84491ec53b80a5171463e51e04f667bcb6e5/pdf_files/2024/8/2024-08-14.pdf
2024-08-16 09:30,83.54,https://github.com/sahilgupta/sbi-fx-ratekeeper/blob/4cea84491ec53b80a5171463e51e04f667bcb6e5/pdf_files/2024/8/2024-08-16.pdf
2024-08-17 09:20,83.5,https://github.com/sahilgupta/sbi-fx-ratekeeper/blob/4cea84491ec53b80a5171463e51e04f667bcb6e5/pdf_files/2024/8/2024-08-17.pdf
2024-08-19 11:55,83.49,https://github.com/sahilgupta/sbi-fx-ratekeeper/blob/4cea84491ec53b80a5171463e51e04f667bcb6e5/pdf_files/2024/8/2024-08-19.pdf
2024-08-20 09:20,83.46,https://github.com/sahilgupta/sbi-fx-ratekeeper/blob/4cea84491ec53b80a5171463e51e04f667bcb6e5/pdf_files/2024/8/2024-08-20.pdf
2024-08-21 09:20,83.41,https://github.com/sahilgupta/sbi-fx-ratekeeper/blob/4cea84491ec53b80a5171463e51e04f667bcb6e5/pdf_files/2024/8/2024-08-21.pdf
2024-08-22 09:20,83.53,https://github.com/sahilgupta/sbi-fx-ratekeeper/blob/4cea84491ec53b80a5171463e51e04f667bcb6e5/pdf_files/2024/8/2024-08-22.pdf
2024-08-23 09:20,83.53,https://github.com/sahilgupta/sbi-fx-ratekeeper/blob/4cea84491ec53b80a5171463e51e04f667bcb6e5/pdf_files/2024/8/2024-08-23.pdf
2024-08-26 09:20,83.42,https://github.com/sahilgupta/sbi-fx-ratekeeper/blob/4cea84491ec53b80a5171463e51e04f667bcb6e5/pdf_files/2024/8/2024-08-26.pdf
2024-08-27 09:20,83.53,https://github.com/sahilgupta/sbi-fx-ratekeeper/blob/4cea84491ec53b80a5171463e51e04f667bcb6e5/pdf_files/2024/8/2024-08-27.pdf
2024-08-28 09:20,83.54,https://github.com/sahilgupta/sbi-fx-ratekeeper/blob/4cea84491ec53b80a5171463e51e04f667bcb6e5/pdf_files/2024/8/2024-08-28.pdf
2024-08-29 09:20,83.52,https://github.com/sahilgupta/sbi-fx-ratekeeper/blob/4cea84491ec53b80a5171463e51e04f667bcb6e5/pdf_files/2024/8/2024-08-29.pdf
2024-08-30 09:20,83.44,https://github.com/sahilgupta/sbi-fx-ratekeeper/blob/4cea84491ec53b80a5171463e51e04f667bcb6e5/pdf_files/2024/8/2024-08-30.pdf
2024-08-31 09:20,83.5,https://github.com/sahilgupta/sbi-fx-ratekeeper/blob/4cea84491ec53b80a5171463e51e04f667bcb6e5/pdf_files/2024/8/2024-08-31.pdf
2024-09-02 09:20,83.47,https://github.com/sahilgupta/sbi-fx-ratekeeper/blob/4cea84491ec53b80a5171463e51e04f667bcb6e5/pdf_files/2024/9/2024-09-02.pdf
2024-09-03 09:20,83.53,https://github.com/sahilgupta/sbi-fx-ratekeeper/blob/4cea84491ec53b80a5171463e51e04f667bcb6e5/pdf_files/2024/9/2024-09-03.pdf
2024-09-04 09:20,83.55,https://github.com/sahilgupta/sbi-fx-ratekeeper/blob/4cea84491ec53b80a5171463e51e04f667bcb6e5/pdf_files/2024/9/2024-09-04.pdf
2024-09-05 12:30,83.57,https://github.com/sahilgupta/sbi-fx-ratekeeper/blob/4cea84491ec53b80a5171463e51e04f667bcb6e5/pdf_files/2024/9/2024-09-05.pdf
2024-09-06 09:20,83.57,https://github.com/sahilgupta/sbi-fx-ratekeeper/blob/4cea84491ec53b80a5171463e51e04f667bcb6e5/pdf_files/2024/9/2024-09-06.pdf
2024-09-09 09:20,83.56,https://github.com/sahilgupta/sbi-fx-ratekeeper/blob/4cea84491ec53b80a5171463e51e04f667bcb6e5/pdf_files/2024/9/2024-09-09.pdf
2024-09-10 09:20,83.55,https://github.com/sahilgupta/sbi-fx-ratekeeper/blob/4cea84491ec53b80a5171463e51e04f667bcb6e5/pdf_files/2024/9/2024-09-10.pdf
2024-09-11 09:20,83.56,https://github.com/sahilgupta/sbi-fx-ratekeeper/blob/4cea84491ec53b80a5171463e51e04f667bcb6e5/pdf_files/2024/9/2024-09-11.pdf
2024-09-12 09:20,83.57,https://github.com/sahilgupta/sbi-fx-ratekeeper/blob/4cea84491ec53b80a5171463e51e04f667bcb6e5/pdf_files/2024/9/2024-09-12.pdf
2024-09-13 09:20,83.52,https://github.com/sahilgupta/sbi-fx-ratekeeper/blob/4cea84491ec53b80a5171463e51e04f667bcb6e5/pdf_files/2024/9/2024-09-13.pdf
2024-09-16 09:20,83.49,https://github.com/sahilgupta/sbi-fx-ratekeeper/blob/4cea84491ec53b80a5171463e51e04f667bcb6e5/pdf_files/2024/9/2024-09-16.pdf
2024-09-17 09:20,83.47,https://github.com/sahilgupta/sbi-fx-ratekeeper/blob/4cea84491ec53b80a5171463e51e04f667bcb6e5/pdf_files/2024/9/2024-09-17.pdf
2024-09-19 09:20,83.25,https://github.com/sahilgupta/sbi-fx-ratekeeper/blob/4cea84491ec53b80a5171463e51e04f667bcb6e5/pdf_files/2024/9/2024-09-19.pdf
2024-09-20 09:20,83.1,https://github.com/sahilgupta/sbi-fx-ratekeeper/blob/4cea84491ec53b80a5171463e51e04f667bcb6e5/pdf_files/2024/9/2024-09-20.pdf
2024-09-20 12:20,83.1,https://github.com/sahilgupta/sbi-fx-ratekeeper/blob/4cea84491ec53b80a5171463e51e04f667bcb6e5/pdf_files/2024/9/2024-09-20.pdf
2024-09-21 10:08,83.1,https://github.com/sahilgupta/sbi-fx-ratekeeper/blob/4cea84491ec53b80a5171463e51e04f667bcb6e5/pdf_files/2024/9/2024-09-21.pdf
2024-09-23 09:41,83.05,https://github.com/sahilgupta/sbi-fx-ratekeeper/blob/4cea84491ec53b80a5171463e51e04f667bcb6e5/pdf_files/2024/9/2024-09-23.pdf
2024-09-24 13:25,83.2,https://github.com/sahilgupta/sbi-fx-ratekeeper/blob/4cea84491ec53b80a5171463e51e04f667bcb6e5/pdf_files/2024/9/2024-09-24.pdf
2024-09-25 09:28,83.18,https://github.com/sahilgupta/sbi-fx-ratekeeper/blob/4cea84491ec53b80a5171463e51e04f667bcb6e5/pdf_files/2024/9/2024-09-25.pdf
2024-09-26 09:18,83.25,https://github.com/sahilgupta/sbi-fx-ratekeeper/blob/4cea84491ec53b80a5171463e51e04f667bcb6e5/pdf_files/2024/9/2024-09-26.pdf
2024-09-27 12:37,83.25,https://github.com/sahilgupta/sbi-fx-ratekeeper/blob/4cea84491ec53b80a5171463e51e04f667bcb6e5/pdf_files/2024/9/2024-09-27.pdf
2024-09-30 09:35,83.3,https://github.com/sahilgupta/sbi-fx-ratekeeper/blob/4cea84491ec53b80a5171463e51e04f667bcb6e5/pdf_files/2024/9/2024-09-30.pdf
2024-10-01 09:34,83.41,https://github.com/sahilgupta/sbi-fx-ratekeeper/blob/4cea84491ec53b80a5171463e51e04f667bcb6e5/pdf_files/2024/10/2024-10-01.pdf
2024-10-03 09:22,83.51,https://github.com/sahilgupta/sbi-fx-ratekeeper/blob/4cea84491ec53b80a5171463e51e04f667bcb6e5/pdf_files/2024/10/2024-10-03.pdf
2024-10-04 09:21,83.55,https://github.com/sahilgupta/sbi-fx-ratekeeper/blob/4cea84491ec53b80a5171463e51e04f667bcb6e5/pdf_files/2024/10/2024-10-04.pdf
2024-10-05 10:27,83.6,https://github.com/sahilgupta/sbi-fx-ratekeeper/blob/4cea84491ec53b80a5171463e51e04f667bcb6e5/pdf_files/2024/10/2024-10-05.pdf
2024-10-07 09:36,83.56,https://github.com/sahilgupta/sbi-fx-ratekeeper/blob/4cea84491ec53b80a5171463e51e04f667bcb6e5/pdf_files/2024/10/2024-10-07.pdf
2024-10-08 09:18,83.57,https://github.com/sahilgupta/sbi-fx-ratekeeper/blob/4cea84491ec53b80a5171463e51e04f667bcb6e5/pdf_files/2024/10/2024-10-08.pdf
2024-10-09 09:17,83.53,https://github.com/sahilgupta/sbi-fx-ratekeeper/blob/4cea84491ec53b80a5171463e51e04f667bcb6e5/pdf_files/2024/10/2024-10-09.pdf
2024-10-10 09:49,83.55,https://github.com/sahilgupta/sbi-fx-ratekeeper/blob/4cea84491ec53b80a5171463e51e04f667bcb6e5/pdf_files/2024/10/2024-10-10.pdf
2024-10-11 09:23,83.56,https://github.com/sahilgupta/sbi-fx-ratekeeper/blob/4cea84491ec53b80a5171463e51e04f667bcb6e5/pdf_files/2024/10/2024-10-11.pdf
2024-10-14 10:19,83.66,https://github.com/sahilgupta/sbi-fx-ratekeeper/blob/4cea84491ec53b80a5171463e51e04f667bcb6e5/pdf_files/2024/10/2024-10-14.pdf
2024-10-15 09:54,83.66,https://github.com/sahilgupta/sbi-fx-ratekeeper/blob/4cea84491ec53b80a5171463e51e04f667bcb6e5/pdf_files/2024/10/2024-10-15.pdf
2024-10-16 09:34,83.65,https://github.com/sahilgupta/sbi-fx-ratekeeper/blob/4cea84491ec53b80a5171463e51e04f667bcb6e5/pdf_files/2024/10/2024-10-16.pdf
2024-10-17 09:55,83.62,https://github.com/sahilgupta/sbi-fx-ratekeeper/blob/4cea84491ec53b80a5171463e51e04f667bcb6e5/pdf_files/2024/10/2024-10-17.pdf
2024-10-18 09:20,83.66,https://github.com/sahilgupta/sbi-fx-ratekeeper/blob/4cea84491ec53b80a5171463e51e04f667bcb6e5/pdf_files/2024/10/2024-10-18.pdf
2024-10-19 10:34,83.66,https://github.com/sahilgupta/sbi-fx-ratekeeper/blob/4cea84491ec53b80a5171463e51e04f667bcb6e5/pdf_files/2024/10/2024-10-19.pdf
2024-10-21 09:20,83.65,https://github.com/sahilgupta/sbi-fx-ratekeeper/blob/4cea84491ec53b80a5171463e51e04f667bcb6e5/pdf_files/2024/10/2024-10-21.pdf
2024-10-22 09:59,83.67,https://github.com/sahilgupta/sbi-fx-ratekeeper/blob/4cea84491ec53b80a5171463e51e04f667bcb6e5/pdf_files/2024/10/2024-10-22.pdf
2024-10-23 09:50,83.67,https://github.com/sahilgupta/sbi-fx-ratekeeper/blob/4cea84491ec53b80a5171463e51e04f667bcb6e5/pdf_files/2024/10/2024-10-23.pdf
2024-10-24 10:13,83.66,https://github.com/sahilgupta/sbi-fx-ratekeeper/blob/4cea84491ec53b80a5171463e51e04f667bcb6e5/pdf_files/2024/10/2024-10-24.pdf
2024-10-25 09:29,83.67,https://github.com/sahilgupta/sbi-fx-ratekeeper/blob/4cea84491ec53b80a5171463e51e04f667bcb6e5/pdf_files/2024/10/2024-10-25.pdf
2024-10-28 09:23,83.68,https://github.com/sahilgupta/sbi-fx-ratekeeper/blob/4cea84491ec53b80a5171463e51e04f667bcb6e5/pdf_files/2024/10/2024-10-28.pdf
2024-10-29 09:33,83.68,https://github.com/sahilgupta/sbi-fx-ratekeeper/blob/4cea84491ec53b80a5171463e51e04f667bcb6e5/pdf_files/2024/10/2024-10-29.pdf
2024-10-30 09:33,83.67,https://github.com/sahilgupta/sbi-fx-ratekeeper/blob/4cea84491ec53b80a5171463e51e04f667bcb6e5/pdf_files/2024/10/2024-10-30.pdf
2024-10-31 09:32,83.68,https://github.com/sahilgupta/sbi-fx-ratekeeper/blob/4cea84491ec53b80a5171463e51e04f667bcb6e5/pdf_files/2024/10/2024-10-31.pdf
2024-11-04 09:46,83.67,https://github.com/sahilgupta/sbi-fx-ratekeeper/blob/4cea84491ec53b80a5171463e51e04f667bcb6e5/pdf_files/2024/11/2024-11-04.pdf
2024-11-05 09:38,83.7,https://github.com/sahilgupta/sbi-fx-ratekeeper/blob/4cea84491ec53b80a5171463e51e04f667bcb6e5/pdf_files/2024/11/2024-11-05.pdf
2024-11-06 09:31,83.75,https://github.com/sahilgupta/sbi-fx-ratekeeper/blob/4cea84491ec53b80a5171463e51e04f667bcb6e5/pdf_files/2024/11/2024-11-06.pdf
2024-11-07 09:26,83.86,https://github.com/sahilgupta/sbi-fx-ratekeeper/blob/4cea84491ec53b80a5171463e51e04f667bcb6e5/pdf_files/2024/11/2024-11-07.pdf
2024-11-08 09:55,83.95,https://github.com/sahilgupta/sbi-fx-ratekeeper/blob/4cea84491ec53b80a5171463e51e04f667bcb6e5/pdf_files/2024/11/2024-11-08.pdf
2024-11-11 09:34,83.98,https://github.com/sahilgupta/sbi-fx-ratekeeper/blob/4cea84491ec53b80a5171463e51e04f667bcb6e5/pdf_files/2024/11/2024-11-11.pdf
2024-11-12 10:43,83.99,https://github.com/sahilgupta/sbi-fx-ratekeeper/blob/4cea84491ec53b80a5171463e51e04f667bcb6e5/pdf_files/2024/11/2024-11-12.pdf
2024-11-13 09:41,84,https://github.com/sahilgupta/sbi-fx-ratekeeper/blob/4cea84491ec53b80a5171463e51e04f667bcb6e5/pdf_files/2024/11/2024-11-13.pdf
2024-11-14 09:17,84,https://github.com/sahilgupta/sbi-fx-ratekeeper/blob/4cea84491ec53b80a5171463e51e04f667bcb6e5/pdf_files/2024/11/2024-11-14.pdf
2024-11-18 09:16,84,https://github.com/sahilgupta/sbi-fx-ratekeeper/blob/4cea84491ec53b80a5171463e51e04f667bcb6e5/pdf_files/2024/11/2024-11-18.pdf
2024-11-19 09:16,84,https://github.com/sahilgupta/sbi-fx-ratekeeper/blob/4cea84491ec53b80a5171463e51e04f667bcb6e5/pdf_files/2024/11/2024-11-19.pdf
2024-11-21 09:37,84.01,https://github.com/sahilgupta/sbi-fx-ratekeeper/blob/4cea84491ec53b80a5171463e51e04f667bcb6e5/pdf_files/2024/11/2024-11-21.pdf
2024-11-22 09:32,84.09,https://github.com/sahilgupta/sbi-fx-ratekeeper/blob/4cea84491ec53b80a5171463e51e04f667bcb6e5/pdf_files/2024/11/2024-11-22.pdf
2024-11-25 09:30,83.95,https://github.com/sahilgupta/sbi-fx-ratekeeper/blob/4cea84491ec53b80a5171463e51e04f667bcb6e5/pdf_files/2024/11/2024-11-25.pdf
2024-11-26 09:22,83.85,https://github.com/sahilgupta/sbi-fx-ratekeeper/blob/4cea84491ec53b80a5171463e51e04f667bcb6e5/pdf_files/2024/11/2024-11-26.pdf
2024-11-26 15:58,83.9,https://github.com/sahilgupta/sbi-fx-ratekeeper/blob/4cea84491ec53b80a5171463e51e04f667bcb6e5/pdf_files/2024/11/2024-11-26.pdf
2024-11-27 09:14,84,https://github.com/sahilgupta/sbi-fx-ratekeeper/blob/4cea84491ec53b80a5171463e51e04f667bcb6e5/pdf_files/2024/11/2024-11-27.pdf
2024-11-28 09:24,84.05,https://github.com/sahilgupta/sbi-fx-ratekeeper/blob/4cea84491ec53b80a5171463e51e04f667bcb6e5/pdf_files/2024/11/2024-11-28.pdf
2024-11-29 09:24,84.09,https://github.com/sahilgupta/sbi-fx-ratekeeper/blob/4cea84491ec53b80a5171463e51e04f667bcb6e5/pdf_files/2024/11/2024-11-29.pdf
2024-11-30 12:02,84.15,https://github.com/sahilgupta/sbi-fx-ratekeeper/blob/4cea84491ec53b80a5171463e51e04f667bcb6e5/pdf_files/2024/11/2024-11-30.pdf
2024-12-02 09:24,84.16,https://github.com/sahilgupta/sbi-fx-ratekeeper/blob/4cea84491ec53b80a5171463e51e04f667bcb6e5/pdf_files/2024/12/2024-12-02.pdf
2024-12-03 14:53,84.25,https://github.com/sahilgupta/sbi-fx-ratekeeper/blob/4cea84491ec53b80a5171463e51e04f667bcb6e5/pdf_files/2024/12/2024-12-03.pdf
2024-12-04 11:52,84.3,https://github.com/sahilgupta/sbi-fx-ratekeeper/blob/4cea84491ec53b80a5171463e51e04f667bcb6e5/pdf_files/2024/12/2024-12-04.pdf
2024-12-05 10:26,84.32,https://github.com/sahilgupta/sbi-fx-ratekeeper/blob/4cea84491ec53b80a5171463e51e04f667bcb6e5/pdf_files/2024/12/2024-12-05.pdf
2024-12-06 09:22,84.25,https://github.com/sahilgupta/sbi-fx-ratekeeper/blob/4cea84491ec53b80a5171463e51e04f667bcb6e5/pdf_files/2024/12/2024-12-06.pdf
2024-12-07 10:09,84.27,https://github.com/sahilgupta/sbi-fx-ratekeeper/blob/4cea84491ec53b80a5171463e51e04f667bcb6e5/pdf_files/2024/12/2024-12-07.pdf
2024-12-09 14:19,84.32,https://github.com/sahilgupta/sbi-fx-ratekeeper/blob/4cea84491ec53b80a5171463e51e04f667bcb6e5/pdf_files/2024/12/2024-12-09.pdf
2024-12-10 09:26,84.38,https://github.com/sahilgupta/sbi-fx-ratekeeper/blob/4cea84491ec53b80a5171463e51e04f667bcb6e5/pdf_files/2024/12/2024-12-10.pdf
2024-12-11 09:31,84.45,https://github.com/sahilgupta/sbi-fx-ratekeeper/blob/4cea84491ec53b80a5171463e51e04f667bcb6e5/pdf_files/2024/12/2024-12-11.pdf
2024-12-12 09:25,84.45,https://github.com/sahilgupta/sbi-fx-ratekeeper/blob/4cea84491ec53b80a5171463e51e04f667bcb6e5/pdf_files/2024/12/2024-12-12.pdf
2024-12-13 09:25,84.46,https://github.com/sahilgupta/sbi-fx-ratekeeper/blob/4cea84491ec53b80a5171463e51e04f667bcb6e5/pdf_files/2024/12/2024-12-13.pdf
2024-12-16 09:32,84.42,https://github.com/sahilgupta/sbi-fx-ratekeeper/blob/4cea84491ec53b80a5171463e51e04f667bcb6e5/pdf_files/2024/12/2024-12-16.pdf
2024-12-17 09:19,84.49,https://github.com/sahilgupta/sbi-fx-ratekeeper/blob/4cea84491ec53b80a5171463e51e04f667bcb6e5/pdf_files/2024/12/2024-12-17.pdf
2024-12-18 09:15,84.51,https://github.com/sahilgupta/sbi-fx-ratekeeper/blob/4cea84491ec53b80a5171463e51e04f667bcb6e5/pdf_files/2024/12/2024-12-18.pdf
2024-12-19 09:19,84.62,https://github.com/sahilgupta/sbi-fx-ratekeeper/blob/4cea84491ec53b80a5171463e51e04f667bcb6e5/pdf_files/2024/12/2024-12-19.pdf
2024-12-20 14:29,84.55,https://github.com/sahilgupta/sbi-fx-ratekeeper/blob/4cea84491ec53b80a5171463e51e04f667bcb6e5/pdf_files/2024/12/2024-12-20.pdf
2024-12-21 12:37,84.6,https://github.com/sahilgupta/sbi-fx-ratekeeper/blob/4cea84491ec53b80a5171463e51e04f667bcb6e5/pdf_files/2024/12/2024-12-21.pdf
2024-12-23 09:32,84.6,https://github.com/sahilgupta/sbi-fx-ratekeeper/blob/4cea84491ec53b80a5171463e51e04f667bcb6e5/pdf_files/2024/12/2024-12-23.pdf
2024-12-24 09:38,84.7,https://github.com/sahilgupta/sbi-fx-ratekeeper/blob/4cea84491ec53b80a5171463e51e04f667bcb6e5/pdf_files/2024/12/2024-12-24.pdf
2024-12-26 09:18,84.85,https://github.com/sahilgupta/sbi-fx-ratekeeper/blob/4cea84491ec53b80a5171463e51e04f667bcb6e5/pdf_files/2024/12/2024-12-26.pdf
2024-12-27 14:43,85.15,https://github.com/sahilgupta/sbi-fx-ratekeeper/blob/4cea84491ec53b80a5171463e51e04f667bcb6e5/pdf_files/2024/12/2024-12-27.pdf
2024-12-30 09:39,85.1,https://github.com/sahilgupta/sbi-fx-ratekeeper/blob/4cea84491ec53b80a5171463e51e04f667bcb6e5/pdf_files/2024/12/2024-12-30.pdf
2024-12-31 09:46,85.2,https://github.com/sahilgupta/sbi-fx-ratekeeper/blob/4cea84491ec53b80a5171463e51e04f667bcb6e5/pdf_files/2024/12/2024-12-31.pdf
2025-01-01 09:24,85.22,https://github.com/sahilgupta/sbi-fx-ratekeeper/blob/4cea84491ec53b80a5171463e51e04f667bcb6e5/pdf_files/2025/1/2025-01-01.pdf
2025-01-02 09:44,85.3,https://github.com/sahilgupta/sbi-fx-ratekeeper/blob/4cea84491ec53b80a5171463e51e04f667bcb6e5/pdf_files/2025/1/2025-01-02.pdf
2025-01-03 09:13,85.38,https://github.com/sahilgupta/sbi-fx-ratekeeper/blob/4cea84491ec53b80a5171463e51e04f667bcb6e5/pdf_files/2025/1/2025-01-03.pdf
2025-01-04 10:02,85.35,https://github.com/sahilgupta/sbi-fx-ratekeeper/blob/4cea84491ec53b80a5171463e51e04f667bcb6e5/pdf_files/2025/1/2025-01-04.pdf
2025-01-06 09:06,85.38,https://github.com/sahilgupta/sbi-fx-ratekeeper/blob/4cea84491ec53b80a5171463e51e04f667bcb6e5/pdf_files/2025/1/2025-01-06.pdf
2025-01-07 09:30,85.39,https://github.com/sahilgupta/sbi-fx-ratekeeper/blob/4cea84491ec53b80a5171463e51e04f667bcb6e5/pdf_files/2025/1/2025-01-07.pdf
2025-01-08 10:06,85.4,https://github.com/sahilgupta/sbi-fx-ratekeeper/blob/4cea84491ec53b80a5171463e51e04f667bcb6e5/pdf_files/2025/1/2025-01-08.pdf
2025-01-09 09:05,85.52,https://github.com/sahilgupta/sbi-fx-ratekeeper/blob/4cea84491ec53b80a5171463e51e04f667bcb6e5/pdf_files/2025/1/2025-01-09.pdf
2025-01-10 09:15,85.48,https://github.com/sahilgupta/sbi-fx-ratekeeper/blob/4cea84491ec53b80a5171463e51e04f667bcb6e5/pdf_files/2025/1/2025-01-10.pdf
2025-01-13 11:52,85.95,https://github.com/sahilgupta/sbi-fx-ratekeeper/blob/4cea84491ec53b80a5171463e51e04f667bcb6e5/pdf_files/2025/1/2025-01-13.pdf
2025-01-14 14:34,86.25,https://github.com/sahilgupta/sbi-fx-ratekeeper/blob/4cea84491ec53b80a5171463e51e04f667bcb6e5/pdf_files/2025/1/2025-01-14.pdf
2025-01-15 14:31,85.95,https://github.com/sahilgupta/sbi-fx-ratekeeper/blob/4cea84491ec53b80a5171463e51e04f667bcb6e5/pdf_files/2025/1/2025-01-15.pdf
2025-01-16 09:04,86,https://github.com/sahilgupta/sbi-fx-ratekeeper/blob/4cea84491ec53b80a5171463e51e04f667bcb6e5/pdf_files/2025/1/2025-01-16.pdf
2025-01-17 09:04,86.2,https://github.com/sahilgupta/sbi-fx-ratekeeper/blob/4cea84491ec53b80a5171463e51e04f667bcb6e5/pdf_files/2025/1/2025-01-17.pdf
2025-01-18 09:59,86.2,https://github.com/sahilgupta/sbi-fx-ratekeeper/blob/4cea84491ec53b80a5171463e51e04f667bcb6e5/pdf_files/2025/1/2025-01-18.pdf
2025-01-20 09:28,86.1,https://github.com/sahilgupta/sbi-fx-ratekeeper/blob/4cea84491ec53b80a5171463e51e04f667bcb6e5/pdf_files/2025/1/2025-01-20.pdf
2025-01-21 11:58,86.1,https://github.com/sahilgupta/sbi-fx-ratekeeper/blob/4cea84491ec53b80a5171463e51e04f667bcb6e5/pdf_files/2025/1/2025-01-21.pdf
2025-01-22 09:15,86.15,https://github.com/sahilgupta/sbi-fx-ratekeeper/blob/4cea84491ec53b80a5171463e51e04f667bcb6e5/pdf_files/2025/1/2025-01-22.pdf
2025-01-22 15:40,86,https://github.com/sahilgupta/sbi-fx-ratekeeper/blob/4cea84491ec53b80a5171463e51e04f667bcb6e5/pdf_files/2025/1/2025-01-22.pdf
2025-01-23 09:07,86.05,https://github.com/sahilgupta/sbi-fx-ratekeeper/blob/4cea84491ec53b80a5171463e51e04f667bcb6e5/pdf_files/2025/1/2025-01-23.pdf
2025-01-24 14:35,85.8,https://github.com/sahilgupta/sbi-fx-ratekeeper/blob/4cea84491ec53b80a5171463e51e04f667bcb6e5/pdf_files/2025/1/2025-01-24.pdf
2025-01-27 09:03,85.95,https://github.com/sahilgupta/sbi-fx-ratekeeper/blob/4cea84491ec53b80a5171463e51e04f667bcb6e5/pdf_files/2025/1/2025-01-27.pdf
2025-01-28 09:06,86.1,https://github.com/sahilgupta/sbi-fx-ratekeeper/blob/4cea84491ec53b80a5171463e51e04f667bcb6e5/pdf_files/2025/1/2025-01-28.pdf
2025-01-29 09:27,86.2,https://github.com/sahilgupta/sbi-fx-ratekeeper/blob/4cea84491ec53b80a5171463e51e04f667bcb6e5/pdf_files/2025/1/2025-01-29.pdf
2025-01-30 09:07,86.15,https://github.com/sahilgupta/sbi-fx-ratekeeper/blob/4cea84491ec53b80a5171463e51e04f667bcb6e5/pdf_files/2025/1/2025-01-30.pdf
2025-01-31 09:05,86.2,https://github.com/sahilgupta/sbi-fx-ratekeeper/blob/4cea84491ec53b80a5171463e51e04f667bcb6e5/pdf_files/2025/1/2025-01-31.pdf
2025-02-01 10:10,86.2,https://github.com/sahilgupta/sbi-fx-ratekeeper/blob/4cea84491ec53b80a5171463e51e04f667bcb6e5/pdf_files/2025/2/2025-02-01.pdf
2025-02-03 09:30,86.8,https://github.com/sahilgupta/sbi-fx-ratekeeper/blob/4cea84491ec53b80a5171463e51e04f667bcb6e5/pdf_files/2025/2/2025-02-03.pdf
2025-02-04 09:11,86.6,https://github.com/sahilgupta/sbi-fx-ratekeeper/blob/4cea84491ec53b80a5171463e51e04f667bcb6e5/pdf_files/2025/2/2025-02-04.pdf
2025-02-05 13:44,87,https://github.com/sahilgupta/sbi-fx-ratekeeper/blob/4cea84491ec53b80a5171463e51e04f667bcb6e5/pdf_files/2025/2/2025-02-05.pdf
2025-02-06 09:06,87.1,https://github.com/sahilgupta/sbi-fx-ratekeeper/blob/4cea84491ec53b80a5171463e51e04f667bcb6e5/pdf_files/2025/2/2025-02-06.pdf
2025-02-07 09:18,87.05,https://github.com/sahilgupta/sbi-fx-ratekeeper/blob/4cea84491ec53b80a5171463e51e04f667bcb6e5/pdf_files/2025/2/2025-02-07.pdf
2025-02-10 11:11,87.1,https://github.com/sahilgupta/sbi-fx-ratekeeper/blob/4cea84491ec53b80a5171463e51e04f667bcb6e5/pdf_files/2025/2/2025-02-10.pdf
2025-02-11 09:57,86.35,https://github.com/sahilgupta/sbi-fx-ratekeeper/blob/4cea84491ec53b80a5171463e51e04f667bcb6e5/pdf_files/2025/2/2025-02-11.pdf
2025-02-12 10:49,86.3,https://github.com/sahilgupta/sbi-fx-ratekeeper/blob/4cea84491ec53b80a5171463e51e04f667bcb6e5/pdf_files/2025/2/2025-02-12.pdf
2025-02-13 09:06,86.4,https://github.com/sahilgupta/sbi-fx-ratekeeper/blob/4cea84491ec53b80a5171463e51e04f667bcb6e5/pdf_files/2025/2/2025-02-13.pdf
2025-02-14 09:11,86.45,https://github.com/sahilgupta/sbi-fx-ratekeeper/blob/4cea84491ec53b80a5171463e51e04f667bcb6e5/pdf_files/2025/2/2025-02-14.pdf
2025-02-14 14:51,86.45,https://github.com/sahilgupta/sbi-fx-ratekeeper/blob/4cea84491ec53b80a5171463e51e04f667bcb6e5/pdf_files/2025/2/2025-02-14.pdf
2025-02-15 09:23,86.3,https://github.com/sahilgupta/sbi-fx-ratekeeper/blob/4cea84491ec53b80a5171463e51e04f667bcb6e5/pdf_files/2025/2/2025-02-15.pdf
2025-02-17 09:12,86.28,https://github.com/sahilgupta/sbi-fx-ratekeeper/blob/4cea84491ec53b80a5171463e51e04f667bcb6e5/pdf_files/2025/2/2025-02-17.pdf
2025-02-18 09:16,86.5,https://github.com/sahilgupta/sbi-fx-ratekeeper/blob/4cea84491ec53b80a5171463e51e04f667bcb6e5/pdf_files/2025/2/2025-02-18.pdf
2025-02-20 11:58,86.25,https://github.com/sahilgupta/sbi-fx-ratekeeper/blob/4cea84491ec53b80a5171463e51e04f667bcb6e5/pdf_files/2025/2/2025-02-20.pdf
2025-02-21 15:09,86.3,https://github.com/sahilgupta/sbi-fx-ratekeeper/blob/4cea84491ec53b80a5171463e51e04f667bcb6e5/pdf_files/2025/2/2025-02-21.pdf
2025-02-24 09:33,86.2,https://github.com/sahilgupta/sbi-fx-ratekeeper/blob/4cea84491ec53b80a5171463e51e04f667bcb6e5/pdf_files/2025/2/2025-02-24.pdf
2025-02-25 12:47,86.7,https://github.com/sahilgupta/sbi-fx-ratekeeper/blob/4cea84491ec53b80a5171463e51e04f667bcb6e5/pdf_files/2025/2/2025-02-25.pdf
2025-02-27 09:02,86.85,https://github.com/sahilgupta/sbi-fx-ratekeeper/blob/4cea84491ec53b80a5171463e51e04f667bcb6e5/pdf_files/2025/2/2025-02-27.pdf
2025-02-28 14:40,86.95,https://github.com/sahilgupta/sbi-fx-ratekeeper/blob/4cea84491ec53b80a5171463e51e04f667bcb6e5/pdf_files/2025/2/2025-02-28.pdf
2025-03-01 10:04,87.1,https://github.com/sahilgupta/sbi-fx-ratekeeper/blob/4cea84491ec53b80a5171463e51e04f667bcb6e5/pdf_files/2025/3/2025-03-01.pdf
2025-03-03 09:11,86.95,https://github.com/sahilgupta/sbi-fx-ratekeeper/blob/4cea84491ec53b80a5171463e51e04f667bcb6e5/pdf_files/2025/3/2025-03-03.pdf
2025-03-04 15:10,86.95,https://github.com/sahilgupta/sbi-fx-ratekeeper/blob/4cea84491ec53b80a5171463e51e04f667bcb6e5/pdf_files/2025/3/2025-03-04.pdf
2025-03-05 14:41,86.65,https://github.com/sahilgupta/sbi-fx-ratekeeper/blob/4cea84491ec53b80a5171463e51e04f667bcb6e5/pdf_files/2025/3/2025-03-05.pdf
2025-03-06 12:08,86.7,https://github.com/sahilgupta/sbi-fx-ratekeeper/blob/4cea84491ec53b80a5171463e51e04f667bcb6e5/pdf_files/2025/3/2025-03-06.pdf
2025-03-07 09:05,86.7,https://github.com/sahilgupta/sbi-fx-ratekeeper/blob/4cea84491ec53b80a5171463e51e04f667bcb6e5/pdf_files/2025/3/2025-03-07.pdf
2025-03-07 14:11,86.5,https://github.com/sahilgupta/sbi-fx-ratekeeper/blob/4cea84491ec53b80a5171463e51e04f667bcb6e5/pdf_files/2025/3/2025-03-07.pdf
2025-03-10 09:04,86.87,https://github.com/sahilgupta/sbi-fx-ratekeeper/blob/4cea84491ec53b80a5171463e51e04f667bcb6e5/pdf_files/2025/3/2025-03-10.pdf
2025-03-11 09:05,86.98,https://github.com/sahilgupta/sbi-fx-ratekeeper/blob/4cea84491ec53b80a5171463e51e04f667bcb6e5/pdf_files/2025/3/2025-03-11.pdf
2025-03-12 09:07,86.85,https://github.com/sahilgupta/sbi-fx-ratekeeper/blob/4cea84491ec53b80a5171463e51e04f667bcb6e5/pdf_files/2025/3/2025-03-12.pdf
2025-03-13 09:02,86.75,https://github.com/sahilgupta/sbi-fx-ratekeeper/blob/4cea84491ec53b80a5171463e51e04f667bcb6e5/pdf_files/2025/3/2025-03-13.pdf
2025-03-15 09:29,86.55,https://github.com/sahilgupta/sbi-fx-ratekeeper/blob/4cea84491ec53b80a5171463e51e04f667bcb6e5/pdf_files/2025/3/2025-03-15.pdf
2025-03-17 09:08,86.5,https://github.com/sahilgupta/sbi-fx-ratekeeper/blob/4cea84491ec53b80a5171463e51e04f667bcb6e5/pdf_files/2025/3/2025-03-17.pdf
2025-03-18 13:58,86.15,https://github.com/sahilgupta/sbi-fx-ratekeeper/blob/4cea84491ec53b80a5171463e51e04f667bcb6e5/pdf_files/2025/3/2025-03-18.pdf
2025-03-19 09:08,86.25,https://github.com/sahilgupta/sbi-fx-ratekeeper/blob/4cea84491ec53b80a5171463e51e04f667bcb6e5/pdf_files/2025/3/2025-03-19.pdf
2025-03-20 10:38,85.8,https://github.com/sahilgupta/sbi-fx-ratekeeper/blob/4cea84491ec53b80a5171463e51e04f667bcb6e5/pdf_files/2025/3/2025-03-20.pdf
2025-03-21 14:32,85.6,https://github.com/sahilgupta/sbi-fx-ratekeeper/blob/4cea84491ec53b80a5171463e51e04f667bcb6e5/pdf_files/2025/3/2025-03-21.pdf
2025-03-24 13:44,85.2,https://github.com/sahilgupta/sbi-fx-ratekeeper/blob/4cea84491ec53b80a5171463e51e04f667bcb6e5/pdf_files/2025/3/2025-03-24.pdf
2025-03-25 09:46,85.3,https://github.com/sahilgupta/sbi-fx-ratekeeper/blob/4cea84491ec53b80a5171463e51e04f667bcb6e5/pdf_files/2025/3/2025-03-25.pdf
2025-03-26 09:17,85.3,https://github.com/sahilgupta/sbi-fx-ratekeeper/blob/4cea84491ec53b80a5171463e51e04f667bcb6e5/pdf_files/2025/3/2025-03-26.pdf
2025-03-27 09:29,85.5,https://github.com/sahilgupta/sbi-fx-ratekeeper/blob/4cea84491ec53b80a5171463e51e04f667bcb6e5/pdf_files/2025/3/2025-03-27.pdf
2025-03-28 13:44,85.1,https://github.com/sahilgupta/sbi-fx-ratekeeper/blob/4cea84491ec53b80a5171463e51e04f667bcb6e5/pdf_files/2025/3/2025-03-28.pdf
2025-03-29 10:33,85.1,https://github.com/sahilgupta/sbi-fx-ratekeeper/blob/4cea84491ec53b80a5171463e51e04f667bcb6e5/pdf_files/2025/3/2025-03-29.pdf
2025-04-02 09:07,85.25,https://github.com/sahilgupta/sbi-fx-ratekeeper/blob/4cea84491ec53b80a5171463e51e04f667bcb6e5/pdf_files/2025/4/2025-04-02.pdf
2025-04-03 14:16,85.15,https://github.com/sahilgupta/sbi-fx-ratekeeper/blob/4cea84491ec53b80a5171463e51e04f667bcb6e5/pdf_files/2025/4/2025-04-03.pdf
2025-04-04 14:26,84.8,https://github.com/sahilgupta/sbi-fx-ratekeeper/blob/4cea84491ec53b80a5171463e51e04f667bcb6e5/pdf_files/2025/4/2025-04-04.pdf
2025-04-05 09:30,85.1,https://github.com/sahilgupta/sbi-fx-ratekeeper/blob/4cea84491ec53b80a5171463e51e04f667bcb6e5/pdf_files/2025/4/2025-04-05.pdf
2025-04-07 13:15,85.3,https://github.com/sahilgupta/sbi-fx-ratekeeper/blob/4cea84491ec53b80a5171463e51e04f667bcb6e5/pdf_files/2025/4/2025-04-07.pdf
2025-04-08 14:31,85.7,https://github.com/sahilgupta/sbi-fx-ratekeeper/blob/4cea84491ec53b80a5171463e51e04f667bcb6e5/pdf_files/2025/4/2025-04-08.pdf
2025-04-09 10:26,86.25,https://github.com/sahilgupta/sbi-fx-ratekeeper/blob/4cea84491ec53b80a5171463e51e04f667bcb6e5/pdf_files/2025/4/2025-04-09.pdf
2025-04-09 15:24,86.2,https://github.com/sahilgupta/sbi-fx-ratekeeper/blob/4cea84491ec53b80a5171463e51e04f667bcb6e5/pdf_files/2025/4/2025-04-09.pdf
2025-04-11 14:12,85.7,https://github.com/sahilgupta/sbi-fx-ratekeeper/blob/4cea84491ec53b80a5171463e51e04f667bcb6e5/pdf_files/2025/4/2025-04-11.pdf
2025-04-15 09:11,85.35,https://github.com/sahilgupta/sbi-fx-ratekeeper/blob/4cea84491ec53b80a5171463e51e04f667bcb6e5/pdf_files/2025/4/2025-04-15.pdf
2025-04-16 09:30,85.2,https://github.com/sahilgupta/sbi-fx-ratekeeper/blob/4cea84491ec53b80a5171463e51e04f667bcb6e5/pdf_files/2025/4/2025-04-16.pdf
2025-04-17 09:09,85.1,https://github.com/sahilgupta/sbi-fx-ratekeeper/blob/4cea84491ec53b80a5171463e51e04f667bcb6e5/pdf_files/2025/4/2025-04-17.pdf
2025-04-19 10:41,85,https://github.com/sahilgupta/sbi-fx-ratekeeper/blob/4cea84491ec53b80a5171463e51e04f667bcb6e5/pdf_files/2025/4/2025-04-19.pdf
2025-04-21 09:02,84.7,https://github.com/sahilgupta/sbi-fx-ratekeeper/blob/4cea84491ec53b80a5171463e51e04f667bcb6e5/pdf_files/2025/4/2025-04-21.pdf
2025-04-22 09:02,84.75,https://github.com/sahilgupta/sbi-fx-ratekeeper/blob/4cea84491ec53b80a5171463e51e04f667bcb6e5/pdf_files/2025/4/2025-04-22.pdf
2025-04-23 09:09,84.9,https://github.com/sahilgupta/sbi-fx-ratekeeper/blob/4cea84491ec53b80a5171463e51e04f667bcb6e5/pdf_files/2025/4/2025-04-23.pdf
2025-04-24 09:18,85.2,https://github.com/sahilgupta/sbi-fx-ratekeeper/blob/4cea84491ec53b80a5171463e51e04f667bcb6e5/pdf_files/2025/4/2025-04-24.pdf
2025-04-25 11:00,85.1,https://github.com/sahilgupta/sbi-fx-ratekeeper/blob/4cea84491ec53b80a5171463e51e04f667bcb6e5/pdf_files/2025/4/2025-04-25.pdf
2025-04-28 14:20,84.65,https://github.com/sahilgupta/sbi-fx-ratekeeper/blob/4cea84491ec53b80a5171463e51e04f667bcb6e5/pdf_files/2025/4/2025-04-28.pdf
2025-04-29 09:08,84.7,https://github.com/sahilgupta/sbi-fx-ratekeeper/blob/4cea84491ec53b80a5171463e51e04f667bcb6e5/pdf_files/2025/4/2025-04-29.pdf
2025-04-30 13:59,84.25,https://github.com/sahilgupta/sbi-fx-ratekeeper/blob/4cea84491ec53b80a5171463e51e04f667bcb6e5/pdf_files/2025/4/2025-04-30.pdf
2025-05-02 09:13,83.6,https://github.com/sahilgupta/sbi-fx-ratekeeper/blob/4cea84491ec53b80a5171463e51e04f667bcb6e5/pdf_files/2025/5/2025-05-02.pdf
2025-05-03 09:25,84.1,https://github.com/sahilgupta/sbi-fx-ratekeeper/blob/4cea84491ec53b80a5171463e51e04f667bcb6e5/pdf_files/2025/5/2025-05-03.pdf
2025-05-05 10:09,83.85,https://github.com/sahilgupta/sbi-fx-ratekeeper/blob/4cea84491ec53b80a5171463e51e04f667bcb6e5/pdf_files/2025/5/2025-05-05.pdf
2025-05-06 09:19,83.85,https://github.com/sahilgupta/sbi-fx-ratekeeper/blob/4cea84491ec53b80a5171463e51e04f667bcb6e5/pdf_files/2025/5/2025-05-06.pdf
2025-05-07 09:15,84.26,https://github.com/sahilgupta/sbi-fx-ratekeeper/blob/4cea84491ec53b80a5171463e51e04f667bcb6e5/pdf_files/2025/5/2025-05-07.pdf
2025-05-08 14:08,84.85,https://github.com/sahilgupta/sbi-fx-ratekeeper/blob/4cea84491ec53b80a5171463e51e04f667bcb6e5/pdf_files/2025/5/2025-05-08.pdf
2025-05-09 09:20,85.3,https://github.com/sahilgupta/sbi-fx-ratekeeper/blob/4cea84491ec53b80a5171463e51e04f667bcb6e5/pdf_files/2025/5/2025-05-09.pdf
2025-05-13 14:49,85,https://github.com/sahilgupta/sbi-fx-ratekeeper/blob/4cea84491ec53b80a5171463e51e04f667bcb6e5/pdf_files/2025/5/2025-05-13.pdf
2025-05-14 15:21,84.85,https://github.com/sahilgupta/sbi-fx-ratekeeper/blob/4cea84491ec53b80a5171463e51e04f667bcb6e5/pdf_files/2025/5/2025-05-14.pdf
2025-05-15 09:08,85.1,https://github.com/sahilgupta/sbi-fx-ratekeeper/blob/4cea84491ec53b80a5171463e51e04f667bcb6e5/pdf_files/2025/5/2025-05-15.pdf
2025-05-16 09:17,85,https://github.com/sahilgupta/sbi-fx-ratekeeper/blob/4cea84491ec53b80a5171463e51e04f667bcb6e5/pdf_files/2025/5/2025-05-16.pdf
2025-05-17 10:22,85.1,https://github.com/sahilgupta/sbi-fx-ratekeeper/blob/4cea84491ec53b80a5171463e51e04f667bcb6e5/pdf_files/2025/5/2025-05-17.pdf
2025-05-19 14:55,85.1,https://github.com/sahilgupta/sbi-fx-ratekeeper/blob/4cea84491ec53b80a5171463e51e04f667bcb6e5/pdf_files/2025/5/2025-05-19.pdf
2025-05-20 09:15,85.1,https://github.com/sahilgupta/sbi-fx-ratekeeper/blob/4cea84491ec53b80a5171463e51e04f667bcb6e5/pdf_files/2025/5/2025-05-20.pdf
2025-05-21 09:15,85.2,https://github.com/sahilgupta/sbi-fx-ratekeeper/blob/4cea84491ec53b80a5171463e51e04f667bcb6e5/pdf_files/2025/5/2025-05-21.pdf
2025-05-22 13:29,85.4,https://github.com/sahilgupta/sbi-fx-ratekeeper/blob/4cea84491ec53b80a5171463e51e04f667bcb6e5/pdf_files/2025/5/2025-05-22.pdf
2025-05-22 14:43,85.6,https://github.com/sahilgupta/sbi-fx-ratekeeper/blob/4cea84491ec53b80a5171463e51e04f667bcb6e5/pdf_files/2025/5/2025-05-22.pdf
2025-05-23 15:20,84.75,https://github.com/sahilgupta/sbi-fx-ratekeeper/blob/4cea84491ec53b80a5171463e51e04f667bcb6e5/pdf_files/2025/5/2025-05-23.pdf
2025-05-26 13:06,84.6,https://github.com/sahilgupta/sbi-fx-ratekeeper/blob/4cea84491ec53b80a5171463e51e04f667bcb6e5/pdf_files/2025/5/2025-05-26.pdf
2025-05-27 12:44,84.95,https://github.com/sahilgupta/sbi-fx-ratekeeper/blob/4cea84491ec53b80a5171463e51e04f667bcb6e5/pdf_files/2025/5/2025-05-27.pdf
2025-05-28 09:19,85.2,https://github.com/sahilgupta/sbi-fx-ratekeeper/blob/4cea84491ec53b80a5171463e51e04f667bcb6e5/pdf_files/2025/5/2025-05-28.pdf
2025-05-29 15:24,85.1,https://github.com/sahilgupta/sbi-fx-ratekeeper/blob/4cea84491ec53b80a5171463e51e04f667bcb6e5/pdf_files/2025/5/2025-05-29.pdf
2025-05-30 10:01,84.9,https://github.com/sahilgupta/sbi-fx-ratekeeper/blob/4cea84491ec53b80a5171463e51e04f667bcb6e5/pdf_files/2025/5/2025-05-30.pdf
2025-05-31 09:48,85.1,https://github.com/sahilgupta/sbi-fx-ratekeeper/blob/4cea84491ec53b80a5171463e51e04f667bcb6e5/pdf_files/2025/5/2025-05-31.pdf
2025-06-02 12:13,85.1,https://github.com/sahilgupta/sbi-fx-ratekeeper/blob/4cea84491ec53b80a5171463e51e04f667bcb6e5/pdf_files/2025/6/2025-06-02.pdf
2025-06-03 09:18,85.1,https://github.com/sahilgupta/sbi-fx-ratekeeper/blob/4cea84491ec53b80a5171463e51e04f667bcb6e5/pdf_files/2025/6/2025-06-03.pdf
2025-06-04 12:06,85.5,https://github.com/sahilgupta/sbi-fx-ratekeeper/blob/4cea84491ec53b80a5171463e51e04f667bcb6e5/pdf_files/2025/6/2025-06-04.pdf
2025-06-05 09:13,85.45,https://github.com/sahilgupta/sbi-fx-ratekeeper/blob/4cea84491ec53b80a5171463e51e04f667bcb6e5/pdf_files/2025/6/2025-06-05.pdf
2025-06-06 09:18,85.5,https://github.com/sahilgupta/sbi-fx-ratekeeper/blob/4cea84491ec53b80a5171463e51e04f667bcb6e5/pdf_files/2025/6/2025-06-06.pdf
2025-06-09 09:49,85.2,https://github.com/sahilgupta/sbi-fx-ratekeeper/blob/4cea84491ec53b80a5171463e51e04f667bcb6e5/pdf_files/2025/6/2025-06-09.pdf
2025-06-10 09:30,85.2,https://github.com/sahilgupta/sbi-fx-ratekeeper/blob/4cea84491ec53b80a5171463e51e04f667bcb6e5/pdf_files/2025/6/2025-06-10.pdf
2025-06-11 09:11,85.1,https://github.com/sahilgupta/sbi-fx-ratekeeper/blob/4cea84491ec53b80a5171463e51e04f667bcb6e5/pdf_files/2025/6/2025-06-11.pdf
2025-06-12 09:13,85.05,https://github.com/sahilgupta/sbi-fx-ratekeeper/blob/4cea84491ec53b80a5171463e51e04f667bcb6e5/pdf_files/2025/6/2025-06-12.pdf
2025-06-13 09:47,85.75,https://github.com/sahilgupta/sbi-fx-ratekeeper/blob/4cea84491ec53b80a5171463e51e04f667bcb6e5/pdf_files/2025/6/2025-06-13.pdf
2025-06-16 13:23,85.6,https://github.com/sahilgupta/sbi-fx-ratekeeper/blob/4cea84491ec53b80a5171463e51e04f667bcb6e5/pdf_files/2025/6/2025-06-16.pdf
2025-06-17 09:28,85.6,https://github.com/sahilgupta/sbi-fx-ratekeeper/blob/4cea84491ec53b80a5171463e51e04f667bcb6e5/pdf_files/2025/6/2025-06-17.pdf
2025-06-18 09:32,85.95,https://github.com/sahilgupta/sbi-fx-ratekeeper/blob/4cea84491ec53b80a5171463e51e04f667bcb6e5/pdf_files/2025/6/2025-06-18.pdf
2025-06-19 13:45,86.35,https://github.com/sahilgupta/sbi-fx-ratekeeper/blob/4cea84491ec53b80a5171463e51e04f667bcb6e5/pdf_files/2025/6/2025-06-19.pdf
2025-06-20 09:14,86.2,https://github.com/sahilgupta/sbi-fx-ratekeeper/blob/4cea84491ec53b80a5171463e51e04f667bcb6e5/pdf_files/2025/6/2025-06-20.pdf
2025-06-21 09:12,86.15,https://github.com/sahilgupta/sbi-fx-ratekeeper/blob/4cea84491ec53b80a5171463e51e04f667bcb6e5/pdf_files/2025/6/2025-06-21.pdf
2025-06-23 09:09,86.35,https://github.com/sahilgupta/sbi-fx-ratekeeper/blob/4cea84491ec53b80a5171463e51e04f667bcb6e5/pdf_files/2025/6/2025-06-23.pdf
2025-06-24 09:09,85.75,https://github.com/sahilgupta/sbi-fx-ratekeeper/blob/4cea84491ec53b80a5171463e51e04f667bcb6e5/pdf_files/2025/6/2025-06-24.pdf
2025-06-25 09:13,85.6,https://github.com/sahilgupta/sbi-fx-ratekeeper/blob/4cea84491ec53b80a5171463e51e04f667bcb6e5/pdf_files/2025/6/2025-06-25.pdf
2025-06-26 13:58,85.3,https://github.com/sahilgupta/sbi-fx-ratekeeper/blob/4cea84491ec53b80a5171463e51e04f667bcb6e5/pdf_files/2025/6/2025-06-26.pdf
2025-06-27 09:07,85.1,https://github.com/sahilgupta/sbi-fx-ratekeeper/blob/4cea84491ec53b80a5171463e51e04f667bcb6e5/pdf_files/2025/6/2025-06-27.pdf
2025-06-30 09:23,85.1,https://github.com/sahilgupta/sbi-fx-ratekeeper/blob/4cea84491ec53b80a5171463e51e04f667bcb6e5/pdf_files/2025/6/2025-06-30.pdf
2025-07-01 14:56,85.2,https://github.com/sahilgupta/sbi-fx-ratekeeper/blob/4cea84491ec53b80a5171463e51e04f667bcb6e5/pdf_files/2025/7/2025-07-01.pdf
2025-07-02 09:06,85.2,https://github.com/sahilgupta/sbi-fx-ratekeeper/blob/4cea84491ec53b80a5171463e51e04f667bcb6e5/pdf_files/2025/7/2025-07-02.pdf
2025-07-03 13:52,84.9,https://github.com/sahilgupta/sbi-fx-ratekeeper/blob/4cea84491ec53b80a5171463e51e04f667bcb6e5/pdf_files/2025/7/2025-07-03.pdf
2025-07-04 09:09,85,https://github.com/sahilgupta/sbi-fx-ratekeeper/blob/4cea84491ec53b80a5171463e51e04f667bcb6e5/pdf_files/2025/7/2025-07-04.pdf
2025-07-05 09:37,85.1,https://github.com/sahilgupta/sbi-fx-ratekeeper/blob/4cea84491ec53b80a5171463e51e04f667bcb6e5/pdf_files/2025/7/2025-07-05.pdf
2025-07-07 12:57,85.4,https://github.com/sahilgupta/sbi-fx-ratekeeper/blob/4cea84491ec53b80a5171463e51e04f667bcb6e5/pdf_files/2025/7/2025-07-07.pdf
2025-07-08 09:09,85.3,https://github.com/sahilgupta/sbi-fx-ratekeeper/blob/4cea84491ec53b80a5171463e51e04f667bcb6e5/pdf_files/2025/7/2025-07-08.pdf
2025-07-09 09:18,85.45,https://github.com/sahilgupta/sbi-fx-ratekeeper/blob/4cea84491ec53b80a5171463e51e04f667bcb6e5/pdf_files/2025/7/2025-07-09.pdf
2025-07-10 09:12,85.2,https://github.com/sahilgupta/sbi-fx-ratekeeper/blob/4cea84491ec53b80a5171463e51e04f667bcb6e5/pdf_files/2025/7/2025-07-10.pdf
2025-07-11 09:10,85.4,https://github.com/sahilgupta/sbi-fx-ratekeeper/blob/4cea84491ec53b80a5171463e51e04f667bcb6e5/pdf_files/2025/7/2025-07-11.pdf
2025-07-14 09:25,85.6,https://github.com/sahilgupta/sbi-fx-ratekeeper/blob/4cea84491ec53b80a5171463e51e04f667bcb6e5/pdf_files/2025/7/2025-07-14.pdf
2025-07-15 09:12,85.55,https://github.com/sahilgupta/sbi-fx-ratekeeper/blob/4cea84491ec53b80a5171463e51e04f667bcb6e5/pdf_files/2025/7/2025-07-15.pdf
2025-07-16 09:12,85.6,https://github.com/sahilgupta/sbi-fx-ratekeeper/blob/4cea84491ec53b80a5171463e51e04f667bcb6e5/pdf_files/2025/7/2025-07-16.pdf
2025-07-17 09:17,85.5,https://github.com/sahilgupta/sbi-fx-ratekeeper/blob/4cea84491ec53b80a5171463e51e04f667bcb6e5/pdf_files/2025/7/2025-07-17.pdf
2025-07-18 09:11,85.6,https://github.com/sahilgupta/sbi-fx-ratekeeper/blob/4cea84491ec53b80a5171463e51e04f667bcb6e5/pdf_files/2025/7/2025-07-18.pdf
2025-07-19 09:30,85.7,https://github.com/sahilgupta/sbi-fx-ratekeeper/blob/4cea84491ec53b80a5171463e51e04f667bcb6e5/pdf_files/2025/7/2025-07-19.pdf
2025-07-21 15:31,85.9,https://github.com/sahilgupta/sbi-fx-ratekeeper/blob/4cea84491ec53b80a5171463e51e04f667bcb6e5/pdf_files/2025/7/2025-07-21.pdf
2025-07-22 09:31,85.85,https://github.com/sahilgupta/sbi-fx-ratekeeper/blob/4cea84491ec53b80a5171463e51e04f667bcb6e5/pdf_files/2025/7/2025-07-22.pdf
2025-07-23 09:13,86,https://github.com/sahilgupta/sbi-fx-ratekeeper/blob/4cea84491ec53b80a5171463e51e04f667bcb6e5/pdf_files/2025/7/2025-07-23.pdf
2025-07-24 09:12,85.9,https://github.com/sahilgupta/sbi-fx-ratekeeper/blob/4cea84491ec53b80a5171463e51e04f667bcb6e5/pdf_files/2025/7/2025-07-24.pdf
2025-07-24 15:38,85.9,https://github.com/sahilgupta/sbi-fx-ratekeeper/blob/4cea84491ec53b80a5171463e51e04f667bcb6e5/pdf_files/2025/7/2025-07-24.pdf
2025-07-25 10:01,86.15,https://github.com/sahilgupta/sbi-fx-ratekeeper/blob/4cea84491ec53b80a5171463e51e04f667bcb6e5/pdf_files/2025/7/2025-07-25.pdf
2025-07-28 13:44,86.05,https://github.com/sahilgupta/sbi-fx-ratekeeper/blob/4cea84491ec53b80a5171463e51e04f667bcb6e5/pdf_files/2025/7/2025-07-28.pdf
2025-07-29 09:16,86.4,https://github.com/sahilgupta/sbi-fx-ratekeeper/blob/4cea84491ec53b80a5171463e51e04f667bcb6e5/pdf_files/2025/7/2025-07-29.pdf
2025-07-30 13:01,86.9,https://github.com/sahilgupta/sbi-fx-ratekeeper/blob/4cea84491ec53b80a5171463e51e04f667bcb6e5/pdf_files/2025/7/2025-07-30.pdf
2025-07-31 12:58,87.15,https://github.com/sahilgupta/sbi-fx-ratekeeper/blob/4cea84491ec53b80a5171463e51e04f667bcb6e5/pdf_files/2025/7/2025-07-31.pdf
2025-08-01 10:12,86.95,https://github.com/sahilgupta/sbi-fx-ratekeeper/blob/4cea84491ec53b80a5171463e51e04f667bcb6e5/pdf_files/2025/8/2025-08-01.pdf
2025-08-02 09:19,86.85,https://github.com/sahilgupta/sbi-fx-ratekeeper/blob/4cea84491ec53b80a5171463e51e04f667bcb6e5/pdf_files/2025/8/2025-08-02.pdf
2025-08-04 12:52,87.15,https://github.com/sahilgupta/sbi-fx-ratekeeper/blob/4cea84491ec53b80a5171463e51e04f667bcb6e5/pdf_files/2025/8/2025-08-04.pdf
2025-08-05 09:12,87.45,https://github.com/sahilgupta/sbi-fx-ratekeeper/blob/4cea84491ec53b80a5171463e51e04f667bcb6e5/pdf_files/2025/8/2025-08-05.pdf
2025-08-06 09:23,87.3,https://github.com/sahilgupta/sbi-fx-ratekeeper/blob/4cea84491ec53b80a5171463e51e04f667bcb6e5/pdf_files/2025/8/2025-08-06.pdf
2025-08-07 09:17,87.3,https://github.com/sahilgupta/sbi-fx-ratekeeper/blob/4cea84491ec53b80a5171463e51e04f667bcb6e5/pdf_files/2025/8/2025-08-07.pdf
2025-08-08 09:14,87.15,https://github.com/sahilgupta/sbi-fx-ratekeeper/blob/4cea84491ec53b80a5171463e51e04f667bcb6e5/pdf_files/2025/8/2025-08-08.pdf
2025-08-11 09:41,87.1,https://github.com/sahilgupta/sbi-fx-ratekeeper/blob/4cea84491ec53b80a5171463e51e04f667bcb6e5/pdf_files/2025/8/2025-08-11.pdf
2025-08-12 09:17,87.3,https://github.com/sahilgupta/sbi-fx-ratekeeper/blob/4cea84491ec53b80a5171463e51e04f667bcb6e5/pdf_files/2025/8/2025-08-12.pdf
2025-08-13 14:15,87,https://github.com/sahilgupta/sbi-fx-ratekeeper/blob/4cea84491ec53b80a5171463e51e04f667bcb6e5/pdf_files/2025/8/2025-08-13.pdf
2025-08-14 09:22,87.1,https://github.com/sahilgupta/sbi-fx-ratekeeper/blob/4cea84491ec53b80a5171463e51e04f667bcb6e5/pdf_files/2025/8/2025-08-14.pdf
2025-08-16 09:24,87.1,https://github.com/sahilgupta/sbi-fx-ratekeeper/blob/4cea84491ec53b80a5171463e51e04f667bcb6e5/pdf_files/2025/8/2025-08-16.pdf
2025-08-18 09:23,87.05,https://github.com/sahilgupta/sbi-fx-ratekeeper/blob/4cea84491ec53b80a5171463e51e04f667bcb6e5/pdf_files/2025/8/2025-08-18.pdf
2025-08-19 14:43,86.6,https://github.com/sahilgupta/sbi-fx-ratekeeper/blob/4cea84491ec53b80a5171463e51e04f667bcb6e5/pdf_files/2025/8/2025-08-19.pdf
2025-08-20 09:34,86.75,https://github.com/sahilgupta/sbi-fx-ratekeeper/blob/4cea84491ec53b80a5171463e51e04f667bcb6e5/pdf_files/2025/8/2025-08-20.pdf
2025-08-21 09:16,86.6,https://github.com/sahilgupta/sbi-fx-ratekeeper/blob/4cea84491ec53b80a5171463e51e04f667bcb6e5/pdf_files/2025/8/2025-08-21.pdf
2025-08-22 09:09,86.95,https://github.com/sahilgupta/sbi-fx-ratekeeper/blob/4cea84491ec53b80a5171463e51e04f667bcb6e5/pdf_files/2025/8/2025-08-22.pdf
2025-08-25 09:15,87,https://github.com/sahilgupta/sbi-fx-ratekeeper/blob/4cea84491ec53b80a5171463e51e04f667bcb6e5/pdf_files/2025/8/2025-08-25.pdf
2025-08-26 09:22,87.34,https://github.com/sahilgupta/sbi-fx-ratekeeper/blob/4cea84491ec53b80a5171463e51e04f667bcb6e5/pdf_files/2025/8/2025-08-26.pdf
2025-08-28 09:25,87.12,https://github.com/sahilgupta/sbi-fx-ratekeeper/blob/4cea84491ec53b80a5171463e51e04f667bcb6e5/pdf_files/2025/8/2025-08-28.pdf
2025-08-29 13:57,87.8,https://github.com/sahilgupta/sbi-fx-ratekeeper/blob/4cea84491ec53b80a5171463e51e04f667bcb6e5/pdf_files/2025/8/2025-08-29.pdf
2025-08-30 09:43,87.7,https://github.com/sahilgupta/sbi-fx-ratekeeper/blob/4cea84491ec53b80a5171463e51e04f667bcb6e5/pdf_files/2025/8/2025-08-30.pdf
2025-09-01 09:17,87.8,https://github.com/sahilgupta/sbi-fx-ratekeeper/blob/4cea84491ec53b80a5171463e51e04f667bcb6e5/pdf_files/2025/9/2025-09-01.pdf
2025-09-02 09:11,87.7,https://github.com/sahilgupta/sbi-fx-ratekeeper/blob/4cea84491ec53b80a5171463e51e04f667bcb6e5/pdf_files/2025/9/2025-09-02.pdf
2025-09-03 15:04,87.7,https://github.com/sahilgupta/sbi-fx-ratekeeper/blob/4cea84491ec53b80a5171463e51e04f667bcb6e5/pdf_files/2025/9/2025-09-03.pdf
2025-09-04 09:12,87.7,https://github.com/sahilgupta/sbi-fx-ratekeeper/blob/4cea84491ec53b80a5171463e51e04f667bcb6e5/pdf_files/2025/9/2025-09-04.pdf
2025-09-06 09:14,87.75,https://github.com/sahilgupta/sbi-fx-ratekeeper/blob/4cea84491ec53b80a5171463e51e04f667bcb6e5/pdf_files/2025/9/2025-09-06.pdf
2025-09-08 12:49,87.6,https://github.com/sahilgupta/sbi-fx-ratekeeper/blob/4cea84491ec53b80a5171463e51e04f667bcb6e5/pdf_files/2025/9/2025-09-08.pdf
2025-09-09 09:06,87.6,https://github.com/sahilgupta/sbi-fx-ratekeeper/blob/4cea84491ec53b80a5171463e51e04f667bcb6e5/pdf_files/2025/9/2025-09-09.pdf
2025-09-10 09:11,87.75,https://github.com/sahilgupta/sbi-fx-ratekeeper/blob/4cea84491ec53b80a5171463e51e04f667bcb6e5/pdf_files/2025/9/2025-09-10.pdf
2025-09-11 14:23,87.95,https://github.com/sahilgupta/sbi-fx-ratekeeper/blob/4cea84491ec53b80a5171463e51e04f667bcb6e5/pdf_files/2025/9/2025-09-11.pdf
2025-09-12 09:07,87.95,https://github.com/sahilgupta/sbi-fx-ratekeeper/blob/4cea84491ec53b80a5171463e51e04f667bcb6e5/pdf_files/2025/9/2025-09-12.pdf
2025-09-15 09:15,87.85,https://github.com/sahilgupta/sbi-fx-ratekeeper/blob/4cea84491ec53b80a5171463e51e04f667bcb6e5/pdf_files/2025/9/2025-09-15.pdf
2025-09-16 13:07,87.65,https://github.com/sahilgupta/sbi-fx-ratekeeper/blob/4cea84491ec53b80a5171463e51e04f667bcb6e5/pdf_files/2025/9/2025-09-16.pdf
2025-09-17 09:14,87.45,https://github.com/sahilgupta/sbi-fx-ratekeeper/blob/4cea84491ec53b80a5171463e51e04f667bcb6e5/pdf_files/2025/9/2025-09-17.pdf
2025-09-18 09:30,87.55,https://github.com/sahilgupta/sbi-fx-ratekeeper/blob/4cea84491ec53b80a5171463e51e04f667bcb6e5/pdf_files/2025/9/2025-09-18.pdf
2025-09-19 09:30,87.8,https://github.com/sahilgupta/sbi-fx-ratekeeper/blob/4cea84491ec53b80a5171463e51e04f667bcb6e5/pdf_files/2025/9/2025-09-19.pdf
2025-09-20 09:30,87.7,https://github.com/sahilgupta/sbi-fx-ratekeeper/blob/4cea84491ec53b80a5171463e51e04f667bcb6e5/pdf_files/2025/9/2025-09-20.pdf
2025-09-22 09:30,87.8,https://github.com/sahilgupta/sbi-fx-ratekeeper/blob/4cea84491ec53b80a5171463e51e04f667bcb6e5/pdf_files/2025/9/2025-09-22.pdf
2025-09-23 09:30,88.2,https://github.com/sahilgupta/sbi-fx-ratekeeper/blob/4cea84491ec53b80a5171463e51e04f667bcb6e5/pdf_files/2025/9/2025-09-23.pdf
2025-09-24 09:30,88.45,https://github.com/sahilgupta/sbi-fx-ratekeeper/blob/4cea84491ec53b80a5171463e51e04f667bcb6e5/pdf_files/2025/9/2025-09-24.pdf
2025-09-25 09:30,88.3,https://github.com/sahilgupta/sbi-fx-ratekeeper/blob/4cea84491ec53b80a5171463e51e04f667bcb6e5/pdf_files/2025/9/2025-09-25.pdf
2025-09-26 09:30,88.35,https://github.com/sahilgupta/sbi-fx-ratekeeper/blob/4cea84491ec53b80a5171463e51e04f667bcb6e5/pdf_files/2025/9/2025-09-26.pdf
2025-09-29 09:30,88.25,https://github.com/sahilgupta/sbi-fx-ratekeeper/blob/4cea84491ec53b80a5171463e51e04f667bcb6e5/pdf_files/2025/9/2025-09-29.pdf
2025-09-30 09:30,88.35,https://github.com/sahilgupta/sbi-fx-ratekeeper/blob/4cea84491ec53b80a5171463e51e04f667bcb6e5/pdf_files/2025/9/2025-09-30.pdf
2025-10-01 09:30,88.4,https://github.com/sahilgupta/sbi-fx-ratekeeper/blob/4cea84491ec53b80a5171463e51e04f667bcb6e5/pdf_files/2025/10/2025-10-01.pdf
2025-10-03 09:30,88.25,https://github.com/sahilgupta/sbi-fx-ratekeeper/blob/4cea84491ec53b80a5171463e51e04f667bcb6e5/pdf_files/2025/10/2025-10-03.pdf
2025-10-04 09:30,88.3,https://github.com/sahilgupta/sbi-fx-ratekeeper/blob/4cea84491ec53b80a5171463e51e04f667bcb6e5/pdf_files/2025/10/2025-10-04.pdf
2025-10-06 09:30,88.3,https://github.com/sahilgupta/sbi-fx-ratekeeper/blob/4cea84491ec53b80a5171463e51e04f667bcb6e5/pdf_files/2025/10/2025-10-06.pdf
2025-10-07 09:30,88.35,https://github.com/sahilgupta/sbi-fx-ratekeeper/blob/4cea84491ec53b80a5171463e51e04f667bcb6e5/pdf_files/2025/10/2025-10-07.pdf
2025-10-08 09:30,88.36,https://github.com/sahilgupta/sbi-fx-ratekeeper/blob/4cea84491ec53b80a5171463e51e04f667bcb6e5/pdf_files/2025/10/2025-10-08.pdf
2025-10-09 09:30,88.35,https://github.com/sahilgupta/sbi-fx-ratekeeper/blob/4cea84491ec53b80a5171463e51e04f667bcb6e5/pdf_files/2025/10/2025-10-09.pdf
2025-10-10 09:30,88.37,https://github.com/sahilgupta/sbi-fx-ratekeeper/blob/4cea84491ec53b80a5171463e51e04f667bcb6e5/pdf_files/2025/10/2025-10-10.pdf
2025-10-13 09:30,88.35,https://github.com/sahilgupta/sbi-fx-ratekeeper/blob/4cea84491ec53b80a5171463e51e04f667bcb6e5/pdf_files/2025/10/2025-10-13.pdf
2025-10-14 09:30,88.34,https://github.com/sahilgupta/sbi-fx-ratekeeper/blob/4cea84491ec53b80a5171463e51e04f667bcb6e5/pdf_files/2025/10/2025-10-14.pdf
2025-10-15 09:30,87.7,https://github.com/sahilgupta/sbi-fx-ratekeeper/blob/4cea84491ec53b80a5171463e51e04f667bcb6e5/pdf_files/2025/10/2025-10-15.pdf
2025-10-16 09:30,87.4,https://github.com/sahilgupta/sbi-fx-ratekeeper/blob/4cea84491ec53b80a5171463e51e04f667bcb6e5/pdf_files/2025/10/2025-10-16.pdf
2025-10-17 09:30,87.4,https://github.com/sahilgupta/sbi-fx-ratekeeper/blob/4cea84491ec53b80a5171463e51e04f667bcb6e5/pdf_files/2025/10/2025-10-17.pdf
2025-10-18 09:30,87.6,https://github.com/sahilgupta/sbi-fx-ratekeeper/blob/4cea84491ec53b80a5171463e51e04f667bcb6e5/pdf_files/2025/10/2025-10-18.pdf
2025-10-20 09:30,87.5,https://github.com/sahilgupta/sbi-fx-ratekeeper/blob/4cea84491ec53b80a5171463e51e04f667bcb6e5/pdf_files/2025/10/2025-10-20.pdf
2025-10-23 09:30,87.4,https://github.com/sahilgupta/sbi-fx-ratekeeper/blob/4cea84491ec53b80a5171463e51e04f667bcb6e5/pdf_files/2025/10/2025-10-23.pdf
2025-10-24 09:30,87.4,https://github.com/sahilgupta/sbi-fx-ratekeeper/blob/4cea84491ec53b80a5171463e51e04f667bcb6e5/pdf_files/2025/10/2025-10-24.pdf
2025-10-27 09:30,87.8,https://github.com/sahilgupta/sbi-fx-ratekeeper/blob/4cea84491ec53b80a5171463e51e04f667bcb6e5/pdf_files/2025/10/2025-10-27.pdf
2025-10-28 09:30,87.9,https://github.com/sahilgupta/sbi-fx-ratekeeper/blob/4cea84491ec53b80a5171463e51e04f667bcb6e5/pdf_files/2025/10/2025-10-28.pdf
2025-10-29 09:30,87.8,https://github.com/sahilgupta/sbi-fx-ratekeeper/blob/4cea84491ec53b80a5171463e51e04f667bcb6e5/pdf_files/2025/10/2025-10-29.pdf
2025-10-30 09:30,88.2,https://github.com/sahilgupta/sbi-fx-ratekeeper/blob/4cea84491ec53b80a5171463e51e04f667bcb6e5/pdf_files/2025/10/2025-10-30.pdf
2025-10-31 09:30,88.2,https://github.com/sahilgupta/sbi-fx-ratekeeper/blob/4cea84491ec53b80a5171463e51e04f667bcb6e5/pdf_files/2025/10/2025-10-31.pdf
2025-11-01 09:30,88.3,https://github.com/sahilgupta/sbi-fx-ratekeeper/blob/4cea84491ec53b80a5171463e51e04f667bcb6e5/pdf_files/2025/11/2025-11-01.pdf
2025-11-03 09:30,88.36,https://github.com/sahilgupta/sbi-fx-ratekeeper/blob/4cea84491ec53b80a5171463e51e04f667bcb6e5/pdf_files/2025/11/2025-11-03.pdf
2025-11-04 09:30,88.09,https://github.com/sahilgupta/sbi-fx-ratekeeper/blob/4cea84491ec53b80a5171463e51e04f667bcb6e5/pdf_files/2025/11/2025-11-04.pdf
2025-11-06 09:30,88.16,https://github.com/sahilgupta/sbi-fx-ratekeeper/blob/4cea84491ec53b80a5171463e51e04f667bcb6e5/pdf_files/2025/11/2025-11-06.pdf
2025-11-07 09:30,88.25,https://github.com/sahilgupta/sbi-fx-ratekeeper/blob/4cea84491ec53b80a5171463e51e04f667bcb6e5/pdf_files/2025/11/2025-11-07.pdf
2025-11-10 09:30,88.25,https://github.com/sahilgupta/sbi-fx-ratekeeper/blob/4cea84491ec53b80a5171463e51e04f667bcb6e5/pdf_files/2025/11/2025-11-10.pdf
2025-11-11 09:30,88.25,https://github.com/sahilgupta/sbi-fx-ratekeeper/blob/4cea84491ec53b80a5171463e51e04f667bcb6e5/pdf_files/2025/11/2025-11-11.pdf
2025-11-12 09:30,88.2,https://github.com/sahilgupta/sbi-fx-ratekeeper/blob/4cea84491ec53b80a5171463e51e04f667bcb6e5/pdf_files/2025/11/2025-11-12.pdf
2025-11-13 09:30,88.25,https://github.com/sahilgupta/sbi-fx-ratekeeper/blob/4cea84491ec53b80a5171463e51e04f667bcb6e5/pdf_files/2025/11/2025-11-13.pdf
2025-11-14 09:30,88.3,https://github.com/sahilgupta/sbi-fx-ratekeeper/blob/4cea84491ec53b80a5171463e51e04f667bcb6e5/pdf_files/2025/11/2025-11-14.pdf
2025-11-15 09:30,88.31,https://github.com/sahilgupta/sbi-fx-ratekeeper/blob/4cea84491ec53b80a5171463e51e04f667bcb6e5/pdf_files/2025/11/2025-11-15.pdf
2025-11-17 09:30,88.32,https://github.com/sahilgupta/sbi-fx-ratekeeper/blob/4cea84491ec53b80a5171463e51e04f667bcb6e5/pdf_files/2025/11/2025-11-17.pdf
2025-11-18 09:30,88.25,https://github.com/sahilgupta/sbi-fx-ratekeeper/blob/4cea84491ec53b80a5171463e51e04f667bcb6e5/pdf_files/2025/11/2025-11-18.pdf
2025-11-19 09:30,88.2,https://github.com/sahilgupta/sbi-fx-ratekeeper/blob/4cea84491ec53b80a5171463e51e04f667bcb6e5/pdf_files/2025/11/2025-11-19.pdf
2025-11-20 09:05,88.2,https://github.com/sahilgupta/sbi-fx-ratekeeper/blob/4cea84491ec53b80a5171463e51e04f667bcb6e5/pdf_files/2025/11/2025-11-20.pdf
2025-11-21 09:04,88.25,https://github.com/sahilgupta/sbi-fx-ratekeeper/blob/4cea84491ec53b80a5171463e51e04f667bcb6e5/pdf_files/2025/11/2025-11-21.pdf
2025-11-21 14:58,88.95,https://github.com/sahilgupta/sbi-fx-ratekeeper/blob/4cea84491ec53b80a5171463e51e04f667bcb6e5/pdf_files/2025/11/2025-11-21.pdf
2025-11-24 09:15,88.75,https://github.com/sahilgupta/sbi-fx-ratekeeper/blob/4cea84491ec53b80a5171463e51e04f667bcb6e5/pdf_files/2025/11/2025-11-24.pdf
2025-11-25 09:05,88.65,https://github.com/sahilgupta/sbi-fx-ratekeeper/blob/4cea84491ec53b80a5171463e51e04f667bcb6e5/pdf_files/2025/11/2025-11-25.pdf
2025-11-26 09:10,88.8,https://github.com/sahilgupta/sbi-fx-ratekeeper/blob/4cea84491ec53b80a5171463e51e04f667bcb6e5/pdf_files/2025/11/2025-11-26.pdf
2025-11-27 09:46,88.8,https://github.com/sahilgupta/sbi-fx-ratekeeper/blob/4cea84491ec53b80a5171463e51e04f667bcb6e5/pdf_files/2025/11/2025-11-27.pdf
2025-11-28 09:12,89,https://github.com/sahilgupta/sbi-fx-ratekeeper/blob/4cea84491ec53b80a5171463e51e04f667bcb6e5/pdf_files/2025/11/2025-11-28.pdf
2025-11-29 09:41,88.95,https://github.com/sahilgupta/sbi-fx-ratekeeper/blob/4cea84491ec53b80a5171463e51e04f667bcb6e5/pdf_files/2025/11/2025-11-29.pdf
2025-12-01 11:53,89.3,https://github.com/sahilgupta/sbi-fx-ratekeeper/blob/4cea84491ec53b80a5171463e51e04f667bcb6e5/pdf_files/2025/12/2025-12-01.pdf
2025-12-02 09:16,89.3,https://github.com/sahilgupta/sbi-fx-ratekeeper/blob/4cea84491ec53b80a5171463e51e04f667bcb6e5/pdf_files/2025/12/2025-12-02.pdf
2025-12-03 16:02,89.7,https://github.com/sahilgupta/sbi-fx-ratekeeper/blob/4cea84491ec53b80a5171463e51e04f667bcb6e5/pdf_files/2025/12/2025-12-03.pdf
2025-12-04 13:59,89.6,https://github.com/sahilgupta/sbi-fx-ratekeeper/blob/4cea84491ec53b80a5171463e51e04f667bcb6e5/pdf_files/2025/12/2025-12-04.pdf
2025-12-05 09:04,89.44,https://github.com/sahilgupta/sbi-fx-ratekeeper/blob/4cea84491ec53b80a5171463e51e04f667bcb6e5/pdf_files/2025/12/2025-12-05.pdf
2025-12-06 10:01,89.5,https://github.com/sahilgupta/sbi-fx-ratekeeper/blob/4cea84491ec53b80a5171463e51e04f667bcb6e5/pdf_files/2025/12/2025-12-06.pdf
2025-12-08 09:29,89.65,https://github.com/sahilgupta/sbi-fx-ratekeeper/blob/4cea84491ec53b80a5171463e51e04f667bcb6e5/pdf_files/2025/12/2025-12-08.pdf
2025-12-09 09:12,89.7,https://github.com/sahilgupta/sbi-fx-ratekeeper/blob/4cea84491ec53b80a5171463e51e04f667bcb6e5/pdf_files/2025/12/2025-12-09.pdf
2025-12-10 10:20,89.45,https://github.com/sahilgupta/sbi-fx-ratekeeper/blob/4cea84491ec53b80a5171463e51e04f667bcb6e5/pdf_files/2025/12/2025-12-10.pdf
2025-12-11 11:45,89.95,https://github.com/sahilgupta/sbi-fx-ratekeeper/blob/4cea84491ec53b80a5171463e51e04f667bcb6e5/pdf_files/2025/12/2025-12-11.pdf
2025-12-12 09:14,90,https://github.com/sahilgupta/sbi-fx-ratekeeper/blob/4cea84491ec53b80a5171463e51e04f667bcb6e5/pdf_files/2025/12/2025-12-12.pdf
2025-12-15 11:04,90.3,https://github.com/sahilgupta/sbi-fx-ratekeeper/blob/4cea84491ec53b80a5171463e51e04f667bcb6e5/pdf_files/2025/12/2025-12-15.pdf
2025-12-16 11:43,90.6,https://github.com/sahilgupta/sbi-fx-ratekeeper/blob/4cea84491ec53b80a5171463e51e04f667bcb6e5/pdf_files/2025/12/2025-12-16.pdf
2025-12-17 10:58,89.65,https://github.com/sahilgupta/sbi-fx-ratekeeper/blob/4cea84491ec53b80a5171463e51e04f667bcb6e5/pdf_files/2025/12/2025-12-17.pdf
2025-12-18 11:30,89.75,https://github.com/sahilgupta/sbi-fx-ratekeeper/blob/4cea84491ec53b80a5171463e51e04f667bcb6e5/pdf_files/2025/12/2025-12-18.pdf
2025-12-19 12:53,89.8,https://github.com/sahilgupta/sbi-fx-ratekeeper/blob/4cea84491ec53b80a5171463e51e04f667bcb6e5/pdf_files/2025/12/2025-12-19.pdf
2025-12-19 15:53,89.35,https://github.com/sahilgupta/sbi-fx-ratekeeper/blob/4cea84491ec53b80a5171463e51e04f667bcb6e5/pdf_files/2025/12/2025-12-19.pdf
2025-12-20 09:46,89.15,https://github.com/sahilgupta/sbi-fx-ratekeeper/blob/4cea84491ec53b80a5171463e51e04f667bcb6e5/pdf_files/2025/12/2025-12-20.pdf
2025-12-22 09:53,89.3,https://github.com/sahilgupta/sbi-fx-ratekeeper/blob/4cea84491ec53b80a5171463e51e04f667bcb6e5/pdf_files/2025/12/2025-12-22.pdf
2025-12-23 09:15,89.25,https://github.com/sahilgupta/sbi-fx-ratekeeper/blob/4cea84491ec53b80a5171463e51e04f667bcb6e5/pdf_files/2025/12/2025-12-23.pdf
2025-12-24 09:08,89.15,https://github.com/sahilgupta/sbi-fx-ratekeeper/blob/4cea84491ec53b80a5171463e51e04f667bcb6e5/pdf_files/2025/12/2025-12-24.pdf
2025-12-26 09:06,89.45,https://github.com/sahilgupta/sbi-fx-ratekeeper/blob/4cea84491ec53b80a5171463e51e04f667bcb6e5/pdf_files/2025/12/2025-12-26.pdf
2025-12-29 09:09,89.5,https://github.com/sahilgupta/sbi-fx-ratekeeper/blob/4cea84491ec53b80a5171463e51e04f667bcb6e5/pdf_files/2025/12/2025-12-29.pdf
2025-12-30 09:16,89.5,https://github.com/sahilgupta/sbi-fx-ratekeeper/blob/4cea84491ec53b80a5171463e51e04f667bcb6e5/pdf_files/2025/12/2025-12-30.pdf
2025-12-31 09:18,89.47,https://github.com/sahilgupta/sbi-fx-ratekeeper/blob/4cea84491ec53b80a5171463e51e04f667bcb6e5/pdf_files/2025/12/2025-12-31.pdf
2026-01-01 09:14,89.5,https://github.com/sahilgupta/sbi-fx-ratekeeper/blob/4cea84491ec53b80a5171463e51e04f667bcb6e5/pdf_files/2026/1/2026-01-01.pdf
2026-01-02 11:50,89.7,https://github.com/sahilgupta/sbi-fx-ratekeeper/blob/4cea84491ec53b80a5171463e51e04f667bcb6e5/pdf_files/2026/1/2026-01-02.pdf
2026-01-03 09:39,89.6,https://github.com/sahilgupta/sbi-fx-ratekeeper/blob/4cea84491ec53b80a5171463e51e04f667bcb6e5/pdf_files/2026/1/2026-01-03.pdf
2026-01-05 09:09,89.8,https://github.com/sahilgupta/sbi-fx-ratekeeper/blob/4cea84491ec53b80a5171463e51e04f667bcb6e5/pdf_files/2026/1/2026-01-05.pdf
2026-01-06 09:18,89.82,https://github.com/sahilgupta/sbi-fx-ratekeeper/blob/4cea84491ec53b80a5171463e51e04f667bcb6e5/pdf_files/2026/1/2026-01-06.pdf
2026-01-07 09:39,89.5,https://github.com/sahilgupta/sbi-fx-ratekeeper/blob/4cea84491ec53b80a5171463e51e04f667bcb6e5/pdf_files/2026/1/2026-01-07.pdf
2026-01-08 14:05,89.6,https://github.com/sahilgupta/sbi-fx-ratekeeper/blob/4cea84491ec53b80a5171463e51e04f667bcb6e5/pdf_files/2026/1/2026-01-08.pdf
2026-01-09 11:33,89.65,https://github.com/sahilgupta/sbi-fx-ratekeeper/blob/4cea84491ec53b80a5171463e51e04f667bcb6e5/pdf_files/2026/1/2026-01-09.pdf
2026-01-12 09:14,89.8,https://github.com/sahilgupta/sbi-fx-ratekeeper/blob/4cea84491ec53b80a5171463e51e04f667bcb6e5/pdf_files/2026/1/2026-01-12.pdf
2026-01-13 09:25,89.85,https://github.com/sahilgupta/sbi-fx-ratekeeper/blob/4cea84491ec53b80a5171463e51e04f667bcb6e5/pdf_files/2026/1/2026-01-13.pdf
2026-01-14 09:35,89.75,https://github.com/sahilgupta/sbi-fx-ratekeeper/blob/4cea84491ec53b80a5171463e51e04f667bcb6e5/pdf_files/2026/1/2026-01-14.pdf
2026-01-16 12:56,90.3,https://github.com/sahilgupta/sbi-fx-ratekeeper/blob/4cea84491ec53b80a5171463e51e04f667bcb6e5/pdf_files/2026/1/2026-01-16.pdf
2026-01-17 10:04,90.35,https://github.com/sahilgupta/sbi-fx-ratekeeper/blob/4cea84491ec53b80a5171463e51e04f667bcb6e5/pdf_files/2026/1/2026-01-17.pdf
2026-01-19 09:04,90.3,https://github.com/sahilgupta/sbi-fx-ratekeeper/blob/4cea84491ec53b80a5171463e51e04f667bcb6e5/pdf_files/2026/1/2026-01-19.pdf
2026-01-20 14:57,90.5,https://github.com/sahilgupta/sbi-fx-ratekeeper/blob/4cea84491ec53b80a5171463e51e04f667bcb6e5/pdf_files/2026/1/2026-01-20.pdf
2026-01-21 13:35,91.3,https://github.com/sahilgupta/sbi-fx-ratekeeper/blob/4cea84491ec53b80a5171463e51e04f667bcb6e5/pdf_files/2026/1/2026-01-21.pdf
2026-01-22 09:21,91.1,https://github.com/sahilgupta/sbi-fx-ratekeeper/blob/4cea84491ec53b80a5171463e51e04f667bcb6e5/pdf_files/2026/1/2026-01-22.pdf
2026-01-23 14:08,91.45,https://github.com/sahilgupta/sbi-fx-ratekeeper/blob/4cea84491ec53b80a5171463e51e04f667bcb6e5/pdf_files/2026/1/2026-01-23.pdf
2026-01-27 09:22,91.35,https://github.com/sahilgupta/sbi-fx-ratekeeper/blob/4cea84491ec53b80a5171463e51e04f667bcb6e5/pdf_files/2026/1/2026-01-27.pdf
2026-01-28 09:20,91.2,https://github.com/sahilgupta/sbi-fx-ratekeeper/blob/4cea84491ec53b80a5171463e51e04f667bcb6e5/pdf_files/2026/1/2026-01-28.pdf
2026-01-29 09:30,91.58,https://github.com/sahilgupta/sbi-fx-ratekeeper/blob/4cea84491ec53b80a5171463e51e04f667bcb6e5/pdf_files/2026/1/2026-01-29.pdf
2026-01-30 09:30,91.5,https://github.com/sahilgupta/sbi-fx-ratekeeper/blob/4cea84491ec53b80a5171463e51e04f667bcb6e5/pdf_files/2026/1/2026-01-30.pdf
2026-01-31 09:30,91.35,https://github.com/sahilgupta/sbi-fx-ratekeeper/blob/4cea84491ec53b80a5171463e51e04f667bcb6e5/pdf_files/2026/1/2026-01-31.pdf
2026-02-02 09:30,91.2,https://github.com/sahilgupta/sbi-fx-ratekeeper/blob/4cea84491ec53b80a5171463e51e04f667bcb6e5/pdf_files/2026/2/2026-02-02.pdf
2026-02-03 09:30,89.75,https://github.com/sahilgupta/sbi-fx-ratekeeper/blob/4cea84491ec53b80a5171463e51e04f667bcb6e5/pdf_files/2026/2/2026-02-03.pdf
2026-02-04 09:30,90,https://github.com/sahilgupta/sbi-fx-ratekeeper/blob/4cea84491ec53b80a5171463e51e04f667bcb6e5/pdf_files/2026/2/2026-02-04.pdf
2026-02-05 09:30,90.05,https://github.com/sahilgupta/sbi-fx-ratekeeper/blob/4cea84491ec53b80a5171463e51e04f667bcb6e5/pdf_files/2026/2/2026-02-05.pdf
2026-02-06 09:30,90.4,https://github.com/sahilgupta/sbi-fx-ratekeeper/blob/4cea84491ec53b80a5171463e51e04f667bcb6e5/pdf_files/2026/2/2026-02-06.pdf
2026-02-07 09:30,90.2,https://github.com/sahilgupta/sbi-fx-ratekeeper/blob/4cea84491ec53b80a5171463e51e04f667bcb6e5/pdf_files/2026/2/2026-02-07.pdf
2026-02-09 09:30,90.15,https://github.com/sahilgupta/sbi-fx-ratekeeper/blob/4cea84491ec53b80a5171463e51e04f667bcb6e5/pdf_files/2026/2/2026-02-09.pdf
2026-02-10 09:30,90.25,https://github.com/sahilgupta/sbi-fx-ratekeeper/blob/4cea84491ec53b80a5171463e51e04f667bcb6e5/pdf_files/2026/2/2026-02-10.pdf
2026-02-11 09:30,90.1,https://github.com/sahilgupta/sbi-fx-ratekeeper/blob/4cea84491ec53b80a5171463e51e04f667bcb6e5/pdf_files/2026/2/2026-02-11.pdf
2026-02-12 09:30,90.1,https://github.com/sahilgupta/sbi-fx-ratekeeper/blob/4cea84491ec53b80a5171463e51e04f667bcb6e5/pdf_files/2026/2/2026-02-12.pdf
2026-02-13 09:30,90.25,https://github.com/sahilgupta/sbi-fx-ratekeeper/blob/4cea84491ec53b80a5171463e51e04f667bcb6e5/pdf_files/2026/2/2026-02-13.pdf
2026-02-16 09:30,90.2,https://github.com/sahilgupta/sbi-fx-ratekeeper/blob/4cea84491ec53b80a5171463e51e04f667bcb6e5/pdf_files/2026/2/2026-02-16.pdf
2026-02-17 09:30,90.3,https://github.com/sahilgupta/sbi-fx-ratekeeper/blob/4cea84491ec53b80a5171463e51e04f667bcb6e5/pdf_files/2026/2/2026-02-17.pdf
2026-02-18 09:30,90.2,https://github.com/sahilgupta/sbi-fx-ratekeeper/blob/4cea84491ec53b80a5171463e51e04f667bcb6e5/pdf_files/2026/2/2026-02-18.pdf
2026-02-20 09:30,90.52,https://github.com/sahilgupta/sbi-fx-ratekeeper/blob/4cea84491ec53b80a5171463e51e04f667bcb6e5/pdf_files/2026/2/2026-02-20.pdf
2026-02-21 09:30,90.35,https://github.com/sahilgupta/sbi-fx-ratekeeper/blob/4cea84491ec53b80a5171463e51e04f667bcb6e5/pdf_files/2026/2/2026-02-21.pdf
2026-02-23 09:30,90.3,https://github.com/sahilgupta/sbi-fx-ratekeeper/blob/4cea84491ec53b80a5171463e51e04f667bcb6e5/pdf_files/2026/2/2026-02-23.pdf
2026-02-24 09:30,90.53,https://github.com/sahilgupta/sbi-fx-ratekeeper/blob/4cea84491ec53b80a5171463e51e04f667bcb6e5/pdf_files/2026/2/2026-02-24.pdf
2026-02-25 09:30,90.54,https://github.com/sahilgupta/sbi-fx-ratekeeper/blob/4cea84491ec53b80a5171463e51e04f667bcb6e5/pdf_files/2026/2/2026-02-25.pdf
2026-02-26 09:30,90.45,https://github.com/sahilgupta/sbi-fx-ratekeeper/blob/4cea84491ec53b80a5171463e51e04f667bcb6e5/pdf_files/2026/2/2026-02-26.pdf
2026-02-27 09:30,90.56,https://github.com/sahilgupta/sbi-fx-ratekeeper/blob/4cea84491ec53b80a5171463e51e04f667bcb6e5/pdf_files/2026/2/2026-02-27.pdf
2026-03-02 13:35,90.95,https://github.com/sahilgupta/sbi-fx-ratekeeper/blob/4cea84491ec53b80a5171463e51e04f667bcb6e5/pdf_files/2026/3/2026-03-02.pdf
2026-03-04 13:24,91.82,https://github.com/sahilgupta/sbi-fx-ratekeeper/blob/4cea84491ec53b80a5171463e51e04f667bcb6e5/pdf_files/2026/3/2026-03-04.pdf
2026-03-05 09:30,91.2,https://github.com/sahilgupta/sbi-fx-ratekeeper/blob/4cea84491ec53b80a5171463e51e04f667bcb6e5/pdf_files/2026/3/2026-03-05.pdf
2026-03-06 09:30,91.23,https://github.com/sahilgupta/sbi-fx-ratekeeper/blob/4cea84491ec53b80a5171463e51e04f667bcb6e5/pdf_files/2026/3/2026-03-06.pdf
2026-03-07 09:30,91.5,https://github.com/sahilgupta/sbi-fx-ratekeeper/blob/4cea84491ec53b80a5171463e51e04f667bcb6e5/pdf_files/2026/3/2026-03-07.pdf
2026-03-09 09:09,91.8,https://github.com/sahilgupta/sbi-fx-ratekeeper/blob/4cea84491ec53b80a5171463e51e04f667bcb6e5/pdf_files/2026/3/2026-03-09.pdf
2026-03-10 12:43,91.35,https://github.com/sahilgupta/sbi-fx-ratekeeper/blob/4cea84491ec53b80a5171463e51e04f667bcb6e5/pdf_files/2026/3/2026-03-10.pdf
2026-03-11 09:07,91.5,https://github.com/sahilgupta/sbi-fx-ratekeeper/blob/4cea84491ec53b80a5171463e51e04f667bcb6e5/pdf_files/2026/3/2026-03-11.pdf
2026-03-12 09:11,91.9,https://github.com/sahilgupta/sbi-fx-ratekeeper/blob/4cea84491ec53b80a5171463e51e04f667bcb6e5/pdf_files/2026/3/2026-03-12.pdf
2026-03-13 09:04,91.93,https://github.com/sahilgupta/sbi-fx-ratekeeper/blob/4cea84491ec53b80a5171463e51e04f667bcb6e5/pdf_files/2026/3/2026-03-13.pdf
2026-03-16 09:30,92.03,https://github.com/sahilgupta/sbi-fx-ratekeeper/blob/4cea84491ec53b80a5171463e51e04f667bcb6e5/pdf_files/2026/3/2026-03-16.pdf
2026-03-17 09:30,91.95,https://github.com/sahilgupta/sbi-fx-ratekeeper/blob/4cea84491ec53b80a5171463e51e04f667bcb6e5/pdf_files/2026/3/2026-03-17.pdf
2026-03-18 14:51,92.15,https://github.com/sahilgupta/sbi-fx-ratekeeper/blob/4cea84491ec53b80a5171463e51e04f667bcb6e5/pdf_files/2026/3/2026-03-18.pdf
2026-03-20 09:30,92.95,https://github.com/sahilgupta/sbi-fx-ratekeeper/blob/4cea84491ec53b80a5171463e51e04f667bcb6e5/pdf_files/2026/3/2026-03-20.pdf
2026-03-23 09:30,93.45,https://github.com/sahilgupta/sbi-fx-ratekeeper/blob/4cea84491ec53b80a5171463e51e04f667bcb6e5/pdf_files/2026/3/2026-03-23.pdf
2026-03-24 09:30,93.35,https://github.com/sahilgupta/sbi-fx-ratekeeper/blob/4cea84491ec53b80a5171463e51e04f667bcb6e5/pdf_files/2026/3/2026-03-24.pdf
2026-03-25 09:30,93.55,https://github.com/sahilgupta/sbi-fx-ratekeeper/blob/4cea84491ec53b80a5171463e51e04f667bcb6e5/pdf_files/2026/3/2026-03-25.pdf
2026-03-27 09:30,94.35,https://github.com/sahilgupta/sbi-fx-ratekeeper/blob/4cea84491ec53b80a5171463e51e04f667bcb6e5/pdf_files/2026/3/2026-03-27.pdf
2026-03-30 15:06,94.25,https://github.com/sahilgupta/sbi-fx-ratekeeper/blob/4cea84491ec53b80a5171463e51e04f667bcb6e5/pdf_files/2026/3/2026-03-30.pdf
2026-03-31 09:30,93.15,https://github.com/sahilgupta/sbi-fx-ratekeeper/blob/4cea84491ec53b80a5171463e51e04f667bcb6e5/pdf_files/2026/3/2026-03-31.pdf
2026-04-02 09:30,92.15,https://github.com/sahilgupta/sbi-fx-ratekeeper/blob/4cea84491ec53b80a5171463e51e04f667bcb6e5/pdf_files/2026/4/2026-04-02.pdf
2026-04-04 09:30,92.5,https://github.com/sahilgupta/sbi-fx-ratekeeper/blob/4cea84491ec53b80a5171463e51e04f667bcb6e5/pdf_files/2026/4/2026-04-04.pdf
2026-04-06 09:30,92.15,https://github.com/sahilgupta/sbi-fx-ratekeeper/blob/4cea84491ec53b80a5171463e51e04f667bcb6e5/pdf_files/2026/4/2026-04-06.pdf
2026-04-07 09:30,92.25,https://github.com/sahilgupta/sbi-fx-ratekeeper/blob/4cea84491ec53b80a5171463e51e04f667bcb6e5/pdf_files/2026/4/2026-04-07.pdf
2026-04-08 09:10,91.9,https://github.com/sahilgupta/sbi-fx-ratekeeper/blob/4cea84491ec53b80a5171463e51e04f667bcb6e5/pdf_files/2026/4/2026-04-08.pdf
2026-04-09 13:54,92.45,https://github.com/sahilgupta/sbi-fx-ratekeeper/blob/4cea84491ec53b80a5171463e51e04f667bcb6e5/pdf_files/2026/4/2026-04-09.pdf
2026-04-10 09:30,92.4,https://github.com/sahilgupta/sbi-fx-ratekeeper/blob/4cea84491ec53b80a5171463e51e04f667bcb6e5/pdf_files/2026/4/2026-04-10.pdf
2026-04-13 09:30,92.9,https://github.com/sahilgupta/sbi-fx-ratekeeper/blob/4cea84491ec53b80a5171463e51e04f667bcb6e5/pdf_files/2026/4/2026-04-13.pdf
2026-04-15 12:35,92.95,https://github.com/sahilgupta/sbi-fx-ratekeeper/blob/4cea84491ec53b80a5171463e51e04f667bcb6e5/pdf_files/2026/4/2026-04-15.pdf
2026-04-16 09:30,92.9,https://github.com/sahilgupta/sbi-fx-ratekeeper/blob/4cea84491ec53b80a5171463e51e04f667bcb6e5/pdf_files/2026/4/2026-04-16.pdf
2026-04-17 09:30,92.5,https://github.com/sahilgupta/sbi-fx-ratekeeper/blob/4cea84491ec53b80a5171463e51e04f667bcb6e5/pdf_files/2026/4/2026-04-17.pdf
2026-04-18 09:30,92.2,https://github.com/sahilgupta/sbi-fx-ratekeeper/blob/4cea84491ec53b80a5171463e51e04f667bcb6e5/pdf_files/2026/4/2026-04-18.pdf
2026-04-20 09:30,92.8,https://github.com/sahilgupta/sbi-fx-ratekeeper/blob/4cea84491ec53b80a5171463e51e04f667bcb6e5/pdf_files/2026/4/2026-04-20.pdf
2026-04-21 09:30,93.08,https://github.com/sahilgupta/sbi-fx-ratekeeper/blob/4cea84491ec53b80a5171463e51e04f667bcb6e5/pdf_files/2026/4/2026-04-21.pdf
2026-04-22 09:30,93.3,https://github.com/sahilgupta/sbi-fx-ratekeeper/blob/4cea84491ec53b80a5171463e51e04f667bcb6e5/pdf_files/2026/4/2026-04-22.pdf
2026-04-23 09:30,93.65,https://github.com/sahilgupta/sbi-fx-ratekeeper/blob/4cea84491ec53b80a5171463e51e04f667bcb6e5/pdf_files/2026/4/2026-04-23.pdf
2026-04-24 09:30,93.85,https://github.com/sahilgupta/sbi-fx-ratekeeper/blob/4cea84491ec53b80a5171463e51e04f667bcb6e5/pdf_files/2026/4/2026-04-24.pdf
2026-04-27 09:04,93.9,https://github.com/sahilgupta/sbi-fx-ratekeeper/blob/4cea84491ec53b80a5171463e51e04f667bcb6e5/pdf_files/2026/4/2026-04-27.pdf
2026-04-28 12:52,94.05,https://github.com/sahilgupta/sbi-fx-ratekeeper/blob/4cea84491ec53b80a5171463e51e04f667bcb6e5/pdf_files/2026/4/2026-04-28.pdf
2026-04-29 09:05,94.35,https://github.com/sahilgupta/sbi-fx-ratekeeper/blob/4cea84491ec53b80a5171463e51e04f667bcb6e5/pdf_files/2026/4/2026-04-29.pdf
2026-04-30 15:11,94.6,https://github.com/sahilgupta/sbi-fx-ratekeeper/blob/4cea84491ec53b80a5171463e51e04f667bcb6e5/pdf_files/2026/4/2026-04-30.pdf
2026-05-02 09:48,94.5,https://github.com/sahilgupta/sbi-fx-ratekeeper/blob/4cea84491ec53b80a5171463e51e04f667bcb6e5/pdf_files/2026/5/2026-05-02.pdf
2026-05-04 09:04,94.55,https://github.com/sahilgupta/sbi-fx-ratekeeper/blob/4cea84491ec53b80a5171463e51e04f667bcb6e5/pdf_files/2026/5/2026-05-04.pdf
2026-05-05 09:04,94.9,https://github.com/sahilgupta/sbi-fx-ratekeeper/blob/4cea84491ec53b80a5171463e51e04f667bcb6e5/pdf_files/2026/5/2026-05-05.pdf
2026-05-06 14:32,94.25,https://github.com/sahilgupta/sbi-fx-ratekeeper/blob/4cea84491ec53b80a5171463e51e04f667bcb6e5/pdf_files/2026/5/2026-05-06.pdf
2026-05-07 14:37,93.7,https://github.com/sahilgupta/sbi-fx-ratekeeper/blob/4cea84491ec53b80a5171463e51e04f667bcb6e5/pdf_files/2026/5/2026-05-07.pdf
2026-05-08 14:54,94,https://github.com/sahilgupta/sbi-fx-ratekeeper/blob/4cea84491ec53b80a5171463e51e04f667bcb6e5/pdf_files/2026/5/2026-05-08.pdf
2026-05-11 13:45,94.8,https://github.com/sahilgupta/sbi-fx-ratekeeper/blob/4cea84491ec53b80a5171463e51e04f667bcb6e5/pdf_files/2026/5/2026-05-11.pdf
2026-05-12 13:05,95.25,https://github.com/sahilgupta/sbi-fx-ratekeeper/blob/4cea84491ec53b80a5171463e51e04f667bcb6e5/pdf_files/2026/5/2026-05-12.pdf
2026-05-13 09:08,95.2,https://github.com/sahilgupta/sbi-fx-ratekeeper/blob/4cea84491ec53b80a5171463e51e04f667bcb6e5/pdf_files/2026/5/2026-05-13.pdf
2026-05-14 12:07,95.3,https://github.com/sahilgupta/sbi-fx-ratekeeper/blob/4cea84491ec53b80a5171463e51e04f667bcb6e5/pdf_files/2026/5/2026-05-14.pdf
2026-05-15 14:53,95.6,https://github.com/sahilgupta/sbi-fx-ratekeeper/blob/4cea84491ec53b80a5171463e51e04f667bcb6e5/pdf_files/2026/5/2026-05-15.pdf
2026-05-16 11:57,95.55,https://github.com/sahilgupta/sbi-fx-ratekeeper/blob/4cea84491ec53b80a5171463e51e04f667bcb6e5/pdf_files/2026/5/2026-05-16.pdf
2026-05-18 09:07,95.78,https://github.com/sahilgupta/sbi-fx-ratekeeper/blob/4cea84491ec53b80a5171463e51e04f667bcb6e5/pdf_files/2026/5/2026-05-18.pdf
2026-05-19 14:49,96.1,https://github.com/sahilgupta/sbi-fx-ratekeeper/blob/4cea84491ec53b80a5171463e51e04f667bcb6e5/pdf_files/2026/5/2026-05-19.pdf
2026-05-20 09:14,96.45,https://github.com/sahilgupta/sbi-fx-ratekeeper/blob/4cea84491ec53b80a5171463e51e04f667bcb6e5/pdf_files/2026/5/2026-05-20.pdf
2026-05-21 12:46,95.95,https://github.com/sahilgupta/sbi-fx-ratekeeper/blob/4cea84491ec53b80a5171463e51e04f667bcb6e5/pdf_files/2026/5/2026-05-21.pdf
2026-05-22 13:09,95.45,https://github.com/sahilgupta/sbi-fx-ratekeeper/blob/4cea84491ec53b80a5171463e51e04f667bcb6e5/pdf_files/2026/5/2026-05-22.pdf
2026-05-25 09:07,94.95,https://github.com/sahilgupta/sbi-fx-ratekeeper/blob/4cea84491ec53b80a5171463e51e04f667bcb6e5/pdf_files/2026/5/2026-05-25.pdf
2026-05-26 15:52,95.3,https://github.com/sahilgupta/sbi-fx-ratekeeper/blob/4cea84491ec53b80a5171463e51e04f667bcb6e5/pdf_files/2026/5/2026-05-26.pdf
2026-05-27 09:08,95.35,https://github.com/sahilgupta/sbi-fx-ratekeeper/blob/4cea84491ec53b80a5171463e51e04f667bcb6e5/pdf_files/2026/5/2026-05-27.pdf
2026-05-28 09:50,95.3,https://github.com/sahilgupta/sbi-fx-ratekeeper/blob/4cea84491ec53b80a5171463e51e04f667bcb6e5/pdf_files/2026/5/2026-05-28.pdf
2026-05-29 15:23,94.6,https://github.com/sahilgupta/sbi-fx-ratekeeper/blob/4cea84491ec53b80a5171463e51e04f667bcb6e5/pdf_files/2026/5/2026-05-29.pdf
2026-05-30 09:58,94.6,https://github.com/sahilgupta/sbi-fx-ratekeeper/blob/4cea84491ec53b80a5171463e51e04f667bcb6e5/pdf_files/2026/5/2026-05-30.pdf
2026-06-01 10:17,94.4,https://github.com/sahilgupta/sbi-fx-ratekeeper/blob/4cea84491ec53b80a5171463e51e04f667bcb6e5/pdf_files/2026/6/2026-06-01.pdf
2026-06-02 15:10,94.8,https://github.com/sahilgupta/sbi-fx-ratekeeper/blob/4cea84491ec53b80a5171463e51e04f667bcb6e5/pdf_files/2026/6/2026-06-02.pdf
2026-06-03 09:42,95.2,https://github.com/sahilgupta/sbi-fx-ratekeeper/blob/4cea84491ec53b80a5171463e51e04f667bcb6e5/pdf_files/2026/6/2026-06-03.pdf
2026-06-04 09:14,95.3,https://github.com/sahilgupta/sbi-fx-ratekeeper/blob/4cea84491ec53b80a5171463e51e04f667bcb6e5/pdf_files/2026/6/2026-06-04.pdf
2026-06-05 15:11,94.55,https://github.com/sahilgupta/sbi-fx-ratekeeper/blob/4cea84491ec53b80a5171463e51e04f667bcb6e5/pdf_files/2026/6/2026-06-05.pdf
2026-06-06 09:47,94.55,https://github.com/sahilgupta/sbi-fx-ratekeeper/blob/4cea84491ec53b80a5171463e51e04f667bcb6e5/pdf_files/2026/6/2026-06-06.pdf
2026-06-08 14:13,95.3,https://github.com/sahilgupta/sbi-fx-ratekeeper/blob/4cea84491ec53b80a5171463e51e04f667bcb6e5/pdf_files/2026/6/2026-06-08.pdf
2026-06-09 09:11,95.05,https://github.com/sahilgupta/sbi-fx-ratekeeper/blob/4cea84491ec53b80a5171463e51e04f667bcb6e5/pdf_files/2026/6/2026-06-09.pdf
2026-06-10 11:09,94.85,https://github.com/sahilgupta/sbi-fx-ratekeeper/blob/4cea84491ec53b80a5171463e51e04f667bcb6e5/pdf_files/2026/6/2026-06-10.pdf
2026-06-11 09:09,95.15,https://github.com/sahilgupta/sbi-fx-ratekeeper/blob/4cea84491ec53b80a5171463e51e04f667bcb6e5/pdf_files/2026/6/2026-06-11.pdf
2026-06-12 14:40,94.75,https://github.com/sahilgupta/sbi-fx-ratekeeper/blob/4cea84491ec53b80a5171463e51e04f667bcb6e5/pdf_files/2026/6/2026-06-12.pdf
2026-06-15 12:35,94.3,https://github.com/sahilgupta/sbi-fx-ratekeeper/blob/4cea84491ec53b80a5171463e51e04f667bcb6e5/pdf_files/2026/6/2026-06-15.pdf
2026-06-16 09:13,94.2,https://github.com/sahilgupta/sbi-fx-ratekeeper/blob/4cea84491ec53b80a5171463e51e04f667bcb6e5/pdf_files/2026/6/2026-06-16.pdf
2026-06-17 09:12,94.05,https://github.com/sahilgupta/sbi-fx-ratekeeper/blob/4cea84491ec53b80a5171463e51e04f667bcb6e5/pdf_files/2026/6/2026-06-17.pdf
2026-06-18 15:08,93.85,https://github.com/sahilgupta/sbi-fx-ratekeeper/blob/4cea84491ec53b80a5171463e51e04f667bcb6e5/pdf_files/2026/6/2026-06-18.pdf
2026-06-19 09:08,93.95,https://github.com/sahilgupta/sbi-fx-ratekeeper/blob/4cea84491ec53b80a5171463e51e04f667bcb6e5/pdf_files/2026/6/2026-06-19.pdf
2026-06-20 09:24,93.9,https://github.com/sahilgupta/sbi-fx-ratekeeper/blob/4cea84491ec53b80a5171463e51e04f667bcb6e5/pdf_files/2026/6/2026-06-20.pdf
2026-06-22 13:16,94.2,https://github.com/sahilgupta/sbi-fx-ratekeeper/blob/4cea84491ec53b80a5171463e51e04f667bcb6e5/pdf_files/2026/6/2026-06-22.pdf
2026-06-23 09:18,94.3,https://github.com/sahilgupta/sbi-fx-ratekeeper/blob/4cea84491ec53b80a5171463e51e04f667bcb6e5/pdf_files/2026/6/2026-06-23.pdf
2026-06-24 09:22,94.5,https://github.com/sahilgupta/sbi-fx-ratekeeper/blob/4cea84491ec53b80a5171463e51e04f667bcb6e5/pdf_files/2026/6/2026-06-24.pdf
2026-06-25 11:42,94,https://github.com/sahilgupta/sbi-fx-ratekeeper/blob/4cea84491ec53b80a5171463e51e04f667bcb6e5/pdf_files/2026/6/2026-06-25.pdf
2026-06-29 09:09,93.95,https://github.com/sahilgupta/sbi-fx-ratekeeper/blob/4cea84491ec53b80a5171463e51e04f667bcb6e5/pdf_files/2026/6/2026-06-29.pdf
2026-07-01 13:47,94.6,https://github.com/sahilgupta/sbi-fx-ratekeeper/blob/4cea84491ec53b80a5171463e51e04f667bcb6e5/pdf_files/2026/7/2026-07-01.pdf
2026-07-02 11:45,94.8,https://github.com/sahilgupta/sbi-fx-ratekeeper/blob/4cea84491ec53b80a5171463e51e04f667bcb6e5/pdf_files/2026/7/2026-07-02.pdf
2026-07-03 09:08,94.75,https://github.com/sahilgupta/sbi-fx-ratekeeper/blob/4cea84491ec53b80a5171463e51e04f667bcb6e5/pdf_files/2026/7/2026-07-03.pdf
2026-07-04 09:37,94.7,https://github.com/sahilgupta/sbi-fx-ratekeeper/blob/4cea84491ec53b80a5171463e51e04f667bcb6e5/pdf_files/2026/7/2026-07-04.pdf
2026-07-06 09:10,94.82,https://github.com/sahilgupta/sbi-fx-ratekeeper/blob/4cea84491ec53b80a5171463e51e04f667bcb6e5/pdf_files/2026/7/2026-07-06.pdf
2026-07-07 15:52,94.5,https://github.com/sahilgupta/sbi-fx-ratekeeper/blob/4cea84491ec53b80a5171463e51e04f667bcb6e5/pdf_files/2026/7/2026-07-07.pdf
2026-07-08 09:08,94.75,https://github.com/sahilgupta/sbi-fx-ratekeeper/blob/4cea84491ec53b80a5171463e51e04f667bcb6e5/pdf_files/2026/7/2026-07-08.pdf
2026-07-09 14:07,95,https://github.com/sahilgupta/sbi-fx-ratekeeper/blob/4cea84491ec53b80a5171463e51e04f667bcb6e5/pdf_files/2026/7/2026-07-09.pdf
2026-07-10 09:07,94.86,https://github.com/sahilgupta/sbi-fx-ratekeeper/blob/4cea84491ec53b80a5171463e51e04f667bcb6e5/pdf_files/2026/7/2026-07-10.pdf
2026-07-13 09:31,95.32,https://github.com/sahilgupta/sbi-fx-ratekeeper/blob/4cea84491ec53b80a5171463e51e04f667bcb6e5/pdf_files/2026/7/2026-07-13.pdf
2026-07-14 09:14,95.56,https://github.com/sahilgupta/sbi-fx-ratekeeper/blob/4cea84491ec53b80a5171463e51e04f667bcb6e5/pdf_files/2026/7/2026-07-14.pdf
2026-07-14 12:30,95.7,https://github.com/sahilgupta/sbi-fx-ratekeeper/blob/4cea84491ec53b80a5171463e51e04f667bcb6e5/pdf_files/2026/7/2026-07-14.pdf
2026-07-16 09:21,95.86,https://github.com/sahilgupta/sbi-fx-ratekeeper/blob/4cea84491ec53b80a5171463e51e04f667bcb6e5/pdf_files/2026/7/2026-07-16.pdf
2026-07-17 09:07,95.9,https://github.com/sahilgupta/sbi-fx-ratekeeper/blob/4cea84491ec53b80a5171463e51e04f667bcb6e5/pdf_files/2026/7/2026-07-17.pdf
2026-07-18 10:00,95.87,https://github.com/sahilgupta/sbi-fx-ratekeeper/blob/4cea84491ec53b80a5171463e51e04f667bcb6e5/pdf_files/2026/7/2026-07-18.pdf
2026-07-20 09:18,96,https://github.com/sahilgupta/sbi-fx-ratekeeper/blob/4cea84491ec53b80a5171463e51e04f667bcb6e5/pdf_files/2026/7/2026-07-20.pdf
2026-07-21 13:54,95.8,https://github.com/sahilgupta/sbi-fx-ratekeeper/blob/4cea84491ec53b80a5171463e51e04f667bcb6e5/pdf_files/2026/7/2026-07-21.pdf
2026-07-22 09:14,95.95,https://github.com/sahilgupta/sbi-fx-ratekeeper/blob/4cea84491ec53b80a5171463e51e04f667bcb6e5/pdf_files/2026/7/2026-07-22.pdf
2026-07-23 09:18,96.1,https://github.com/sahilgupta/sbi-fx-ratekeeper/blob/4cea84491ec53b80a5171463e51e04f667bcb6e5/pdf_files/2026/7/2026-07-23.pdf
2026-07-24 13:18,96,https://github.com/sahilgupta/sbi-fx-ratekeeper/blob/4cea84491ec53b80a5171463e51e04f667bcb6e5/pdf_files/2026/7/2026-07-24.pdf
2026-07-27 12:54,95.55,https://github.com/sahilgupta/sbi-fx-ratekeeper/blob/4cea84491ec53b80a5171463e51e04f667bcb6e5/pdf_files/2026/7/2026-07-27.pdf
